﻿{
	"name": "2-1B (Too-Onebee)",
	"id": "21btooonebee",
	"side": "LS",
	"type": "Character",
	"subtype": "Droid",
	"card_set": "Hoth",
	"image": "img/Hoth-Light/21btooonebee.gif",
	"lore": "Made by Genetech. Unusually independent for a droid. Forced to serve a Moff on Firro, but was liberated by Tiree. Now dedicated to serving the Alliance.",
	"rarity": "R1",
	"text": "Once per turn, one of your non-droid characters lost from same site may go to your Used Pile rather than your Lost Pile. Subtracts 2 from X on you Bacta Tank.",
	"destiny": "1",
	"power": "0",
	"deploy": "2",
	"forfeit": "5",
	"uniqueness": "•",
	"modelType": "Medical"
}
