﻿{
	"name": "2X-3KPR (Tooex)",
	"id": "2x3kpr",
	"side": "LS",
	"type": "Character",
	"subtype": "Droid",
	"card_set": "Premiere",
	"image": "img/Premiere-Light/2x3kpr.gif",
	"lore": "Simple maintenance and diagnostics droid. Activates alarm sensors, security lighting and power fences on remote installations. KPR servant droids built by Lerrimore Droids.",
	"rarity": "U1",
	"text": "Where present under nighttime conditions, each of your Rebels and aliens at same planet site are power +2, and also have immunity to attrition < 3 if a Hydroponics Station is present.",
	"destiny": "3",
	"power": "0",
	"deploy": "2",
	"forfeit": "2",
	"modelType": "Security"
}
