﻿{
	"name": "2X-7KPR (Tooex)",
	"id": "2x7kprtooex",
	"side": "DS",
	"type": "Character",
	"subtype": "Droid",
	"card_set": "Special Edition",
	"image": "img/SpecialEdition-Dark/2x7kprtooex.gif",
	"lore": "Basic security droid. Monitors perimeter sensors and floodlights at Imperial outposts. Responsible for maintenance of security devices. Stolen from Jabba.",
	"rarity": "C",
	"text": "Where present under nighttime conditions, each of your Imperials and aliens at same planet site is power +2 and immune to attrition < 3.",
	"destiny": "3",
	"power": "0",
	"deploy": "2",
	"forfeit": "2",
	"modelType": "Security"
}
