﻿{
	"name": "3,720 To 1 (V)",
	"id": "3720to1-v",
	"side": "DS",
	"type": "Effect",
	"card_set": "Virtual Block 2",
	"image": "img/Virtual2-Dark/3720to1.gif",
	"lore": "What are the odds of having a Corellian, a Wookiee and a protocol droid together with an Alderaanian princess who happens to be the daughter of the Dark Lord of the Sith?",
	"rarity": "C",
	"text": "Deploy on table. Droids are destiny +1. Once per turn, may place the bottom 2 cards in Lost Pile out of play to deploy (from Lost Pile) Forced Servitude, a character weapon, a location, or an Effect that deploys on a location (without lose in game text). (Immune to Alter.)",
	"icons": "[Dagobah]",
	"destiny": "3",
	"uniqueness": "•"
}
