﻿{
	"name": "3,720 To 1",
	"id": "3720to1",
	"side": "DS",
	"type": "Effect",
	"card_set": "Dagobah",
	"image": "img/Dagobah-Dark/3720to1.gif",
	"lore": "What are the odds of having a Corellian, a Wookiee and a protocol droid together with an Alderaanian princess who happens to be the daughter of the Dark Lord of the Sith?",
	"rarity": "C",
	"text": "Insert in opponents Reserve Deck. When Effect reaches top it is lost and up to the three lowest destiny numbers of each players characters on table are totaled. Player with lower total loses Force equal to the difference. (Immune to Alter.)",
	"destiny": "3",
	"uniqueness": "•"
}
