﻿{
	"name": "3B3-10 (V)",
	"id": "3b310-v",
	"side": "DS",
	"type": "Character",
	"subtype": "Droid",
	"card_set": "Virtual Block 6",
	"image": "img/Virtual6-Dark/3b310.gif",
	"lore": "Infantry battle droid who assumed command after his regiments commander fell to Amidalas blaster. Re-routed Droid Control Ship order to himself in the heat of battle.",
	"rarity": "U",
	"text": "While at an interior Naboo site, your [Presence] droids here are immune to Well Handle This and (if at opponents site) cannot be placed in Used Pile during battle. If with a unique (•) battle droid, draws one battle destiny if not able to otherwise.",
	"icons": "[Presence]  [Theed Palace]  [Episode 1]",
	"destiny": "2",
	"power": "3",
	"deploy": "2",
	"forfeit": "3",
	"uniqueness": "•",
	"modelType": "Battle",
	"armor": "3"
}
