﻿{
	"name": "3B3-10",
	"id": "3b310",
	"side": "DS",
	"type": "Character",
	"subtype": "Droid",
	"card_set": "Theed Palace",
	"image": "img/TheedPalace-Dark/3b310.gif",
	"lore": "Infantry battle droid who assumed command after his regiments commander fell to Amidalas blaster. Re-routed Droid Control Ship order to himself in the heat of battle.",
	"rarity": "U",
	"text": "While at Theed Palace Hallway, opponents characters may not move from here. Once per game may take Halt! Into hand from Reserve Deck; reshuffle.",
	"icons": "[Presence]  [Episode 1]",
	"destiny": "2",
	"power": "3",
	"deploy": "2",
	"forfeit": "3",
	"uniqueness": "•",
	"modelType": "Battle",
	"armor": "3"
}
