﻿{
	"name": "3B3-1204",
	"id": "3b31204",
	"side": "DS",
	"type": "Character",
	"subtype": "Droid",
	"card_set": "Theed Palace",
	"image": "img/TheedPalace-Dark/3b31204.gif",
	"lore": "Infantry battle droid programmed with anti-Jedi combat tactics by the blockade flagship. Was to begin uploading his program to the rest of the unit when the Jedi escaped.",
	"rarity": "U",
	"text": "While with two other battle droids, may use 1 Force to target an opponents Jedi present. Targets immunity to attrition is canceled for remainder of turn.",
	"icons": "[Presence]  [Episode 1]",
	"destiny": "2",
	"power": "2",
	"deploy": "3",
	"forfeit": "3",
	"uniqueness": "•",
	"modelType": "Battle",
	"armor": "4"
}
