﻿{
	"name": "3B3-21",
	"id": "3b321",
	"side": "DS",
	"type": "Character",
	"subtype": "Droid",
	"card_set": "Theed Palace",
	"image": "img/TheedPalace-Dark/3b321.gif",
	"lore": "Infantry battle droid equipped with command programs to call reinforcements into his patrol zone when needed. Assigned to escort Amidala soon after her capture.",
	"rarity": "U",
	"text": "If opponent just initiated a battle at same site, may use X Force to reveal the top X cards of your Reserve Deck. (maximum 4). Any battle droids revealed this way may deploy for free; all other cards are lost.",
	"icons": "[Presence]  [Episode 1]",
	"destiny": "2",
	"power": "3",
	"deploy": "3",
	"forfeit": "3",
	"uniqueness": "•",
	"modelType": "Battle",
	"armor": "4"
}
