﻿{
	"name": "3B3-888",
	"id": "3b3888",
	"side": "DS",
	"type": "Character",
	"subtype": "Droid",
	"card_set": "Theed Palace",
	"image": "img/TheedPalace-Dark/3b3888.gif",
	"lore": "Infantry battle droid belonging to the squad that captured Jar Jar Binks and Captain Tarpals at the Naboo battle plains.",
	"rarity": "U",
	"text": "Once per turn may use 1 Force to target an opponents character present; target is defense value -3 for remainder of turn. While with another battle droid at a site, draws one battle destiny if unable to otherwise.",
	"icons": "[Presence]  [Episode 1]",
	"destiny": "2",
	"power": "2",
	"deploy": "3",
	"forfeit": "3",
	"uniqueness": "•",
	"modelType": "Battle",
	"armor": "4"
}
