﻿{
	"name": "4-LOM",
	"id": "4lom",
	"side": "DS",
	"type": "Character",
	"subtype": "Droid",
	"card_set": "Dagobah",
	"image": "img/Dagobah-Dark/4lom.gif",
	"lore": "Information Broker. Thief. Overrode and reprogrammed its own selfgoverning software. Convinced Jabba the Hut to upgrade its armor and weaponry. Became a bounty hunter.",
	"rarity": "R",
	"text": "Total power at same site is +1 for each of your alien/droid pairs present. Once during each battle, if present with Zuckuss, may use 1 Force to search any Used Pile and move 1 character there to the Lost Pile. May initiate battle and be battled.",
	"icons": "[Warrior]",
	"destiny": "1",
	"power": "2",
	"deploy": "2",
	"forfeit": "3",
	"uniqueness": "•",
	"modelType": "Protocol",
	"armor": "3"
}
