﻿{
	"name": "4-LOM With Concussion Rifle (V)",
	"id": "4lomwithconcussionrifle-v",
	"side": "DS",
	"type": "Character",
	"subtype": "Droid",
	"card_set": "Virtual Block 6",
	"image": "img/Virtual6-Dark/4lomwithconcussionrifle.gif",
	"lore": "Accomplished thief and information broker. Modified by Jabba to be an effective bounty hunter. The Hutt often teams 4-LOM with other hired killers.",
	"rarity": "PM",
	"text": "Permanent weapon is •4-LOMs Concussion Rifle (may target a character for free; target is power -1).  Once per turn, may place a card from hand on bottom of Used Pile to draw top card from Reserve Deck.",
	"icons": "[Warrior]  [Permanent Weapon]  [Premium]",
	"destiny": "3",
	"power": "2",
	"deploy": "3",
	"forfeit": "3",
	"uniqueness": "•",
	"modelType": "Protocol",
	"armor": "3"
}
