﻿{
	"name": "4-LOM With Concussion Rifle",
	"id": "4lomwithconcussionrifle",
	"side": "DS",
	"type": "Character",
	"subtype": "Droid",
	"card_set": "Enhanced Cloud City",
	"image": "img/EnhancedCloudCity-Dark/4lomwithconcussionrifle.gif",
	"lore": "Accomplished thief and information broker. Modified by Jabba to be an effective bounty hunter. The Hutt often teams 4-LOM with other hired killers.",
	"rarity": "PM",
	"text": "Adds one battle destiny if with Jabba or Zuckuss. Permanent weapon is •4-LOMs Concussion Rifle (may target a character for free; target may not use its game text for remainder of turn).",
	"icons": "[Warrior]  [Permanent Weapon]",
	"destiny": "3",
	"power": "2",
	"deploy": "3",
	"forfeit": "3",
	"uniqueness": "•",
	"modelType": "Protocol",
	"armor": "3"
}
