﻿{
	"name": "5D6-RA-7 (Fivedesix) (V)",
	"id": "5d6ra7-v",
	"side": "DS",
	"type": "Character",
	"subtype": "Droid",
	"card_set": "Virtual Block 7",
	"image": "img/Virtual7-Dark/5d6ra7.gif",
	"lore": "Aide to Admiral Mottis staff. Foul-tempered and vindictive. Feared by other droids. A spy for the ISB. Secretly investigates Imperial officers whose loyalties are in question.",
	"rarity": "R1",
	"text": "Adds 2 to the power of anything he pilots. Power +1 while with your leader. If at a scomp link when opponent draws a destiny of: 1-3, you may activate one force; 4-6, you may draw top card of your reserve deck; 0 or 7 you may retrieve 1 force.",
	"icons": "Pilot",
	"destiny": "2",
	"power": "2",
	"deploy": "4",
	"forfeit": "5",
	"uniqueness": "•",
	"modelType": "Servant"
}
