﻿{
	"name": "5D6-RA-7 (Fivedesix)",
	"id": "5d6ra7",
	"side": "DS",
	"type": "Character",
	"subtype": "Droid",
	"card_set": "Premiere",
	"image": "img/Premiere-Dark/5d6ra7.gif",
	"lore": "Aide to Admiral Mottis staff. Foul-tempered and vindictive. Feared by other droids. A spy for the ISB. Secretly investigates Imperial officers whose loyalties are in question.",
	"rarity": "R1",
	"text": "Power +1 if at same site as Motti or Yularen. Deploy +1 for all opponents droids (and your mouse droids) at same location. Immune to attrition during nighttime conditions.",
	"destiny": "2",
	"power": "2",
	"deploy": "4",
	"forfeit": "5",
	"uniqueness": "•",
	"modelType": "Servant"
}
