﻿{
	"name": "8D8",
	"id": "8d8",
	"side": "LS",
	"type": "Character",
	"subtype": "Droid",
	"card_set": "Jabba's Palace",
	"image": "img/JabbasPalace-Light/8d8.gif",
	"lore": "Starship maintenance droid. Sold into the service of Jabba. Sympathetic to the droids and aliens it is forced to torture. Hates EV-9D9.",
	"rarity": "R",
	"text": "May cancel Torture, Aiiii! Aaa! Aggggggggggggg! or Sonic Bombardment targeting a character at same site. Once during each of your turns, if with any imprisoned captive, may draw destiny: if destiny > 3, randomly select one captive there to be released.",
	"destiny": "5",
	"power": "1",
	"deploy": "1",
	"forfeit": "3",
	"uniqueness": "•",
	"modelType": "Maintenance"
}
