﻿{
	"name": "A280 Sharpshooter Rifle",
	"id": "a280sharpshooterrifle",
	"side": "LS",
	"type": "Weapon",
	"subtype": "Character",
	"card_set": "Endor",
	"image": "img/Endor-Light/a280sharpshooterrifle.gif",
	"lore": "BlasTech sharpshooter rifle accurate to 500 meters. Corporal Janse brought several A280s with him when he left BlasTech.",
	"rarity": "R",
	"text": "Use 2 Force to deploy on your scout warrior. May target a character, creature or vehicle at same or adjacent site for free. Draw destiny. Add 2 if warrior is alone and target is at an adjacent site. Target hit if total destiny > defense value.",
	"destiny": "3",
	"uniqueness": "••"
}
