﻿{
	"name": "AAT Assault Leader",
	"id": "aatassaultleader",
	"side": "DS",
	"type": "Vehicle",
	"subtype": "Combat",
	"card_set": "Theed Palace",
	"image": "img/TheedPalace-Dark/aatassaultleader.gif",
	"lore": "The AAT commanded by OOM-9 was outfitted with enhanced armor and additional weaponry in order to subdue the Gungan insurrection on the Naboo battle plains. Enclosed.",
	"rarity": "R",
	"text": "May add 1 pilot and 3 passengers. While piloted at same site as another AAT, adds two battle destiny. May deploy Energy Shell Launchers aboard from Reserve Deck; reshuffle. Immune to attrition < 5.",
	"icons": "[Episode 1]",
	"destiny": "3",
	"power": "6",
	"deploy": "4",
	"forfeit": "7",
	"uniqueness": "•",
	"modelType": "AAT",
	"armor": "5",
	"landspeed": "1"
}
