﻿{
	"name": "AAT Laser Cannon",
	"id": "aatlasercannon",
	"side": "DS",
	"type": "Weapon",
	"subtype": "Vehicle",
	"card_set": "Theed Palace",
	"image": "img/TheedPalace-Dark/aatlasercannon.gif",
	"lore": "High caliber primary tank weapon. Just as effective against massed ground troops as vehicles. Cannot penetrate energy shields.",
	"rarity": "U",
	"text": "Deploy on your AAT. May target a character (use 1 Force) or vehicle (for free) at same or adjacent site. Draw destiny. Character lost if destiny +1 > defense value. Vehicle lost if destiny +3 > defense value. May target a creature for free. Creature is lost.",
	"icons": "[Episode 1]",
	"destiny": "4"
}
