﻿{
	"name": "Aayla Secura",
	"id": "aaylasecura",
	"side": "LS",
	"type": "Character",
	"subtype": "Alien",
	"card_set": "Virtual Block 8",
	"image": "img/Virtual8-Light/aaylasecura.gif",
	"lore": "Female Twilek.",
	"rarity": "R",
	"text": "Power +1 for each of opponents characters here. When with two of your aliens (or clones), adds one battle destiny. May not be targeted by weapons unless your other aliens (and clones) present are each hit. Immune to You are Beaten and attrition <5.",
	"icons": "[Warrior]",
	"destiny": "1",
	"power": "4",
	"ability": "6",
	"deploy": "5",
	"forfeit": "7",
	"uniqueness": "•"
}
