﻿{
	"name": "Ability, Ability, Ability",
	"id": "abilityabilityability",
	"side": "DS",
	"type": "Effect",
	"card_set": "Cloud City",
	"image": "img/CloudCity-Dark/abilityabilityability.gif",
	"lore": "Ben. . . Ben, please! Ben. . . Leia! Hear me, Leia!",
	"rarity": "C",
	"text": "Deploy on opponents side of table. At the end of opponents deploy phase, if they did not deploy a card with ability, opponent loses 2 Force. Effect lost if opponent has more cards with ability on table than you. (Immune to Alter.)",
	"destiny": "3",
	"uniqueness": "•"
}
