﻿{
	"name": "Ability, Ability, Ability (V)",
	"id": "abilityabilityability-v",
	"side": "DS",
	"type": "Effect",
	"card_set": "Virtual Block 2",
	"image": "img/Virtual2-Dark/abilityabilityability.gif",
	"lore": "Ben. . . Ben, please! Ben. . . Leia! Hear me, Leia!",
	"rarity": "C",
	"text": "Deploy on table.  You may not play Imperial Barrier.  Senators are deploy +2.  Whenever you initiate a battle, may retrieve your topmost non-[Permanent Weapon], non-[Maintenance] character.  May place the top card of your Reserve Deck in Lost Pile to place a combat card in owners Lost Pile. (Immune to Alter.)",
	"icons": "[Cloud City]",
	"destiny": "3",
	"uniqueness": "•"
}
