﻿{
	"name": "A Bright Center To The Universe",
	"id": "abrightcentertotheuniverse",
	"side": "DS",
	"type": "Effect",
	"card_set": "Special Edition",
	"image": "img/SpecialEdition-Dark/abrightcentertotheuniverse.gif",
	"lore": "The intimidating power of the Empire was focused in the core systems, allowing the Emperor to ignore minor activities occurring on the Outer Rim.",
	"rarity": "U",
	"text": "Deploy on Death Star system or Coruscant system. Target another system. At locations related to target system, opponents Force drain modifiers are canceled. Effect canceled if opponent controls this system. (Immune to Alter.)",
	"destiny": "4",
	"uniqueness": "•"
}
