﻿{
	"name": "A Bright Center To The Universe (V)",
	"id": "abrightcentertotheuniverse-v",
	"side": "DS",
	"type": "Effect",
	"card_set": "Virtual Block 1",
	"image": "img/Virtual1-Dark/abrightcentertotheuniverse.gif",
	"lore": "The intimidating power of the Empire was focused in the core systems, allowing the Emperor to ignore minor activities occurring on the Outer Rim.",
	"rarity": "U",
	"text": "Deploy on table. Once per turn, if you control more battlegrounds than opponent, when you lose Force to a Force drain, may retrieve X Force (may not be canceled), where X = all bonuses to that Force drain.",
	"icons": "[Special Edition]",
	"destiny": "4",
	"uniqueness": "•"
}
