﻿{
	"name": "Abyssin Ornament (V)",
	"id": "abyssinornament-v",
	"side": "DS",
	"type": "Interrupt",
	"subtype": "Used Or Lost",
	"card_set": "Virtual Block 8",
	"image": "img/Virtual8-Dark/abyssinornament.gif",
	"lore": "The Abyssins are known for their regenerative abilities. Jabba keeps several statue heads of Abyssin creatures on his repulsor sled.",
	"rarity": "U",
	"text": "USED: Cancel an attempt to target your non-droid assassin (or a starship piloted by one) with a weapon. LOST: Use 1 Force to take a just lost non-droid assassin into hand.",
	"destiny": "5",
	"uniqueness": "•"
}
