﻿{
	"name": "Abyss",
	"id": "abyss",
	"side": "DS",
	"type": "Effect",
	"card_set": "Cloud City",
	"image": "img/CloudCity-Dark/abyss.gif",
	"lore": "Careless abuse of the Force by a young Jedi trainee can have dire consequences. When hanging from the weather vane of Cloud City, Lukes balance was his only hope.",
	"rarity": "U",
	"text": "Deploy on table. If a unique (•) card is drawn for destiny and a duplicate is on table, destiny card is lost (destiny = 0). If duplicated card is a character, it loses immunity to attrition for rest of turn and player must lose 2 Force or lose that character. (Immune to Alter.)",
	"destiny": "4"
}
