﻿{
	"name": "Abyssin Ornament & Wounded Wookiee",
	"id": "abyssinornament&woundedwookiee",
	"side": "DS",
	"type": "Interrupt",
	"subtype": "Used Or Lost",
	"card_set": "Reflections II",
	"image": "img/ReflectionsII-Dark/abyssinornament&woundedwookiee.gif",
	"rarity": "PM",
	"text": "USED: Take one non-unique alien into hand from Reserve Deck; reshuffle.LOST: During a battle, if opponent drew more than two battle destiny, cancel all but two of those destiny draws (your choice). OR If your non-unique alien is in a battle, cancel game text of one Rebel for remainder of turn.",
	"destiny": "2",
	"uniqueness": "•"
}
