﻿{
	"name": "Abyssin Ornament",
	"id": "abyssinornament",
	"side": "DS",
	"type": "Interrupt",
	"subtype": "Used",
	"card_set": "Jabba's Palace",
	"image": "img/JabbasPalace-Dark/abyssinornament.gif",
	"lore": "The Abyssins are known for their regenerative abilities. Jabba keeps several statue heads of Abyssin creatures on his repulsor sled.",
	"rarity": "U",
	"text": "Once per game, target one non-unique character on table. Draw destiny. If destiny is less than X, retrieve X Force, where X equals the number of copies of that card you have on table (immune to Sense). OR search your Reserve Deck and take one non-unique alien into hand; reshuffle.",
	"destiny": "5",
	"uniqueness": "•"
}
