﻿{
	"name": "Abyss (V)",
	"id": "abyss-v",
	"side": "DS",
	"type": "Defensive Shield",
	"card_set": "Virtual Defensive Shield",
	"image": "img/VirtualDS-Dark/abyss.gif",
	"lore": "Careless abuse of the Force by a young Jedi trainee can have dire consequences. When hanging from the weather vane of Cloud City, Lukes balance was his only hope.",
	"rarity": "U",
	"text": "Plays on table.  Substituted battle destinies do not count against battle destiny limits.  If all your battle destinies were canceled (and not redrawn) use 1 for your total battle destiny instead.  Once per game, may play a Defensive Shield from under your Starting Effect.",
	"icons": "[Cloud City]",
	"destiny": "0"
}
