﻿{
	"name": "Abyssin",
	"id": "abyssin",
	"side": "DS",
	"type": "Character",
	"subtype": "Alien",
	"card_set": "Jabba's Palace",
	"image": "img/JabbasPalace-Dark/abyssin.gif",
	"lore": "Abyssins have an extremely violent culture. They also possess tremendous regenerative abilities. Often become mercenaries once they leave their homeworld, Byss.",
	"rarity": "C",
	"text": "Power +2 and Forfeit +1 while Myo at Audience Chamber. If lost or forfeited during a battle, may use 2 Force to regenerate (place Abyssin in your Used Pile).",
	"icons": "[Warrior]",
	"destiny": "3",
	"power": "2",
	"ability": "1",
	"deploy": "2",
	"forfeit": "2"
}
