﻿{
	"name": "Accelerate",
	"id": "accelerate",
	"side": "DS",
	"type": "Interrupt",
	"subtype": "Used",
	"card_set": "Endor",
	"image": "img/Endor-Dark/accelerate.gif",
	"lore": "The Empire trains its personnel to operate a variety of specialized equipment in demanding environments. This training allows troops to take seemingly risky actions.",
	"rarity": "C",
	"text": "Adds 2 to maneuver, 1 to power and 1 to landspeed of either your speeder bike piloted by a biker scout or your swoop for remainder of turn. (Interrupt may even affect the result just after a destiny draw targeting the vehicles maneuver.)",
	"destiny": "6"
}
