﻿{
	"name": "Accepting Trade Federation Control",
	"id": "acceptingtradefederationcontrol",
	"side": "DS",
	"type": "Effect",
	"subtype": "Political",
	"card_set": "Coruscant",
	"image": "img/Coruscant-Dark/acceptingtradefederationcontrol.gif",
	"lore": "Palpatine suggested to the Queen that she acquiesce to the Trade Federation, just for the time being",
	"rarity": "U",
	"text": "Deploy on table. If no senator here, you may place a senator here from hand to subtract 3 from any battle destiny just drawn. If a taxation agenda here, your draw phase, you may activate 1 Force; opponent must use 1 Force (if possible).",
	"icons": "[Episode 1]",
	"destiny": "3",
	"uniqueness": "•"
}
