﻿{
	"name": "Access Denied",
	"id": "accessdenied",
	"side": "LS",
	"type": "Effect",
	"card_set": "Cloud City",
	"image": "img/CloudCity-Light/accessdenied.gif",
	"lore": "The doors on Cloud City use a special computer controlled locking system, making them difficult to bypass without altering the security codes.",
	"rarity": "C",
	"text": "Insert face up in your Reserve Deck. When Effect reaches top it is lost, along with all opponents insert cards there. Reshuffle. (Immune to Alter.) OR Deploy between two mobile sites. Opponents characters may pass only if aboard a Lift Tube or opponent uses +1 Force each.",
	"destiny": "4"
}
