﻿{
	"name": "Access Denied (V)",
	"id": "accessdenied-v",
	"side": "LS",
	"type": "Effect",
	"card_set": "Virtual Block 2",
	"image": "img/Virtual2-Light/accessdenied.gif",
	"lore": "The doors on Cloud City use a special computer controlled locking system, making them difficult to bypass without altering the security codes.",
	"rarity": "C",
	"text": "Deploy on table. At Cloud City sites, Stunning Leader may not be played and your non-[Permanent Weapon] Rebels of ability > 3 are immune to attrition < 4. (Immune to Alter.)",
	"icons": "[Cloud City]",
	"destiny": "4"
}
