﻿{
	"name": "Acclamator-Class Assault Ship",
	"id": "acclamatorclassassaultship",
	"side": "LS",
	"type": "Starship",
	"subtype": "Capital",
	"card_set": "Virtual Block 9",
	"image": "img/Virtual9-Light/acclamatorclassassaultship.gif",
	"lore": "blank",
	"rarity": "C2",
	"text": "May add 4 pilots, 4 passengers, and 4 vehicles. Permanent pilot provides ability of 2. Adds 1 to attrition against opponent here for each piloted [Republic] starship present. Concussions Missiles may deploy aboard.",
	"icons": "Permanent Pilot  Astromech  Clone Army  [Republic]",
	"destiny": "2",
	"power": "6",
	"deploy": "5",
	"forfeit": "6",
	"hyperspeed": "4",
	"modelType": "Assault Ship",
	"armor": "5"
}
