﻿{
	"name": "Accuser",
	"id": "accuser",
	"side": "DS",
	"type": "Starship",
	"subtype": "Capital",
	"card_set": "Death Star II",
	"image": "img/DeathStarII-Dark/accuser.gif",
	"lore": "Modified for optimal crisis response time. Veteran crew experienced at monitoring shipping lanes and Imperial port traffic.",
	"rarity": "R",
	"text": "May deploy -3 as a react. May add 6 pilots, 8 passengers, 2 vehicles and 4 TIEs. Has ship-docking capability. Permanent pilot provides ability of 1.",
	"icons": "Pilot  [Nav Computer]  [Scomp Link]",
	"destiny": "1",
	"power": "7",
	"deploy": "8",
	"forfeit": "9",
	"hyperspeed": "4",
	"uniqueness": "•",
	"modelType": "Imperial-Class Star Destroyer",
	"armor": "5"
}
