﻿{
	"name": "Accuser (V)",
	"id": "accuser-v",
	"side": "DS",
	"type": "Starship",
	"subtype": "Capital",
	"card_set": "Virtual Block 3",
	"image": "img/Virtual3-Dark/accuser.gif",
	"lore": "Modified for optimal crisis response time. Veteran crew experienced at monitoring shipping lanes and Imperial port traffic.",
	"rarity": "R",
	"text": "Deploy -3 if Death Star II on table. May add 6 pilots, 8 passengers, 2 vehicles, and 4 TIEs. Permanent pilot aboard provides ability of 2. Power and forfeit +1 for each Rebel starship here.",
	"icons": "Pilot  [Nav Computer]  [Scomp Link]  [Death Star II]",
	"destiny": "1",
	"power": "7",
	"deploy": "8",
	"forfeit": "9",
	"hyperspeed": "4",
	"uniqueness": "•",
	"modelType": "Imperial-Class Star Destroyer",
	"armor": "5"
}
