﻿{
	"name": "A Close Race",
	"id": "acloserace",
	"side": "LS",
	"type": "Defensive Shield",
	"card_set": "Reflections III",
	"image": "img/ReflectionsIII-Light/acloserace.gif",
	"lore": "Poodoo!",
	"rarity": "PM",
	"text": "Plays on table. If you just lost a Podrace, your Force loss is limited to half the difference between the winning race total and your highest race total (round up). While you occupy three battlegrounds, Wattos Box is suspended.",
	"icons": "[Episode 1]",
	"destiny": "0",
	"uniqueness": "•"
}
