﻿{
	"name": "Activate The Droids",
	"id": "activatethedroids",
	"side": "DS",
	"type": "Effect",
	"card_set": "Theed Palace",
	"image": "img/TheedPalace-Dark/activatethedroids.gif",
	"lore": "The activation of druids requires a transmission from a Droid Control Ship on a top-secret frequency. Only a Trade Federation captain has access to these frequencies.",
	"rarity": "C",
	"text": "Deploy on your Blockade Flagship (may not deploy on a site). Whenever you initiate a battle at a related planet site where youhave a battle droid, you may activate 2 Force or retrieve 1 Force.",
	"icons": "[Episode 1]",
	"destiny": "4",
	"uniqueness": "•"
}
