﻿{
	"name": "A Dangerous Time",
	"id": "adangeroustime",
	"side": "DS",
	"type": "Interrupt",
	"subtype": "Used Or Lost",
	"card_set": "Dagobah",
	"image": "img/Dagobah-Dark/adangeroustime.gif",
	"lore": "This is a dangerous time for you, when you will be tempted by the dark side of the Force.",
	"rarity": "C",
	"text": "USED: Examine the cards in opponents Force Pile. Reorder however you wish and replace.LOST: Search your Reserve Deck and take one Dark Forces into hand. Shuffle, cut and replace.",
	"destiny": "3",
	"uniqueness": "•"
}
