﻿{
	"name": "A Dark Time For The Rebellion (V)",
	"id": "adarktimefortherebellion-v",
	"side": "DS",
	"type": "Interrupt",
	"subtype": "Used",
	"card_set": "Virtual Block 7",
	"image": "img/Virtual7-Dark/adarktimefortherebellion.gif",
	"lore": "Absolute control wielded by the Emperor enables the Imperial forces to dominate planetary systems before the Rebel Alliance can gain a foothold.",
	"rarity": "C1",
	"text": "If opponent went first this game, retrieve 1 force when you play this Interrupt. Add or subtract 1 from opponents just drawn destiny. OR Activate up to 2 Force. Or take Control into hand from Reserve Deck; reshuffle. OR Until end of turn, battle destiny draws may not be modified or canceled (unless being redrawn).",
	"destiny": "4",
	"uniqueness": "•"
}
