﻿{
	"name": "A Dark Time For The Rebellion",
	"id": "adarktimefortherebellion",
	"side": "DS",
	"type": "Interrupt",
	"subtype": "Lost",
	"card_set": "Hoth",
	"image": "img/Hoth-Dark/adarktimefortherebellion.gif",
	"lore": "Absolute control wielded by the Emperor enables the Imperial forces to dominate planetary systems before the Rebel Alliance can gain a foothold.",
	"rarity": "C1",
	"text": "If opponent just deployed a planet site, search through your Reserve Deck for the related system and immediately deploy it. Shuffle, cut and replace.",
	"destiny": "4",
	"uniqueness": "•"
}
