﻿{
	"name": "A Day Long Remembered",
	"id": "adaylongremembered",
	"side": "DS",
	"type": "Effect",
	"card_set": "Special Edition",
	"image": "img/SpecialEdition-Dark/adaylongremembered.gif",
	"lore": "It has seen the end of Kenobi and will soon see the end of the Rebellion.",
	"rarity": "U",
	"text": "If Obi-Wan not on table, deploy on Yavin 4 or Hoth system. If system Blown away, relocate to opponents side of table. Rebels and Rebel starships are deploy +8 and lost immunity to attrition. Canceled if Obi-Wan is deployed. (Immune to Alter.)",
	"destiny": "6",
	"uniqueness": "•"
}
