﻿{
	"name": "A Day Long Remembered (V)",
	"id": "adaylongremembered-v",
	"side": "DS",
	"type": "Effect",
	"card_set": "Virtual Block 4",
	"image": "img/Virtual4-Dark/adaylongremembered.gif",
	"lore": "It has seen the end of Kenobi and will soon see the end of the Rebellion.",
	"rarity": "U",
	"text": "Deploy on table. All immunity to attrition is -3. You may not fire [Permanent Weapon] weapons. If opponent just lost a Jedi or a battle, they lose 1 Force. During your draw phase, lose 1 Force or place this Effect in Used Pile. (Immune to Alter.)",
	"icons": "[Special Edition]",
	"destiny": "6",
	"uniqueness": "•"
}
