﻿{
	"name": "A Disturbance In The Force (V)",
	"id": "adisturbanceintheforce-v",
	"side": "DS",
	"type": "Effect",
	"card_set": "Virtual Block 1",
	"image": "img/Virtual1-Dark/adisturbanceintheforce.gif",
	"lore": "The destruction of Alderaan caused a great disturbance in the Force ...as if millions of voices suddenly cried out in terror and were suddenly silenced.",
	"rarity": "U1",
	"text": "Deploy on table. Whever you verify opponents Reserve Deck, may place a card there with podracer in game text out of play or retrieve 1 Force.",
	"destiny": "3",
	"uniqueness": "•"
}
