﻿{
	"name": "A Disturbance In The Force",
	"id": "adisturbanceintheforce",
	"side": "DS",
	"type": "Effect",
	"card_set": "Premiere",
	"image": "img/Premiere-Dark/adisturbanceintheforce.gif",
	"lore": "The destruction of Alderaan caused a great disturbance in the Force ...as if millions of voices suddenly cried out in terror and were suddenly silenced.",
	"rarity": "U1",
	"text": "Once per game, during your deploy phase, insert (face down) into opponents Reserve Deck; reshuffle. When effect reaches top it is immediately lost, but opponent may not activate any more Force that turn. (Immune to Alter.)",
	"destiny": "3",
	"uniqueness": "•"
}
