﻿{
	"name": "Admiral Pellaeon",
	"id": "admiralpellaeon",
	"side": "DS",
	"type": "Character",
	"subtype": "Imperial",
	"card_set": "Virtual Block 7",
	"image": "img/Virtual7-Dark/admiralpellaeon.gif",
	"lore": "Corellian leader. Lied about his age to enter the Academy. Took command of Chimaera when its captain was killed at the Battle of Endor. Admires Grand Admiral Thrawn.",
	"rarity": "PM",
	"text": "Adds 2 to power of anything he pilots. May be reveled from hand to take Justifier into hand from reserve deck; reshuffle and deploy both simultaneously (for -1 force each). Opponents passengers here are forfeit = 0. Once per game, if aboard Justifier may lose one force to move away from battle as a react (at hyperspeed +2).",
	"icons": "Pilot",
	"destiny": "2",
	"power": "3",
	"ability": "3",
	"deploy": "3",
	"forfeit": "5",
	"uniqueness": "•"
}
