﻿{
	"name": "Admiral Ackbar (V)",
	"id": "admiralackbar-v",
	"side": "LS",
	"type": "Character",
	"subtype": "Rebel",
	"card_set": "Virtual Block 3",
	"image": "img/Virtual3-Light/admiralackbar.gif",
	"lore": "Mon Calamari leader of Rebel fleet. Master military strategist. Early prisoner of Grand Moff Tarkin. Convinced his people to join the Alliance.",
	"rarity": "XR",
	"text": "Adds 3 to power of anything he pilots. Its a Trap! is destiny +2. Adds one battle destiny while piloting a Mon Calamari Star Cruiser. Once per game, may deploy a capital starship to a system (even as a react) from Reserve Deck; reshuffle.",
	"icons": "Pilot  [Death Star II]",
	"destiny": "1",
	"power": "3",
	"ability": "3",
	"deploy": "4",
	"forfeit": "7",
	"uniqueness": "•"
}
