﻿{
	"name": "Admiral Motti",
	"id": "admiralmotti",
	"side": "DS",
	"type": "Character",
	"subtype": "Imperial",
	"card_set": "Premiere",
	"image": "img/Premiere-Dark/admiralmotti.gif",
	"lore": "Senior Navy Commander of Death Star. Believes in technology. Ridiculed the Force. Ambitious leader. Promoted due to support of New Order, not military skills. Hates Vader.",
	"rarity": "R2",
	"text": "Deploys -2 if at least two Imperial starships on table. Adds 2 to power of anything he pilots. Subtracts 1 from forfeit of Rebel pilots at same system.",
	"icons": "Pilot  [Warrior]",
	"destiny": "1",
	"power": "3",
	"ability": "3",
	"deploy": "3",
	"forfeit": "5",
	"uniqueness": "•"
}
