﻿{
	"name": "Admiral Chiraneau",
	"id": "admiralchiraneau",
	"side": "DS",
	"type": "Character",
	"subtype": "Imperial",
	"card_set": "Death Star II",
	"image": "img/DeathStarII-Dark/admiralchiraneau.gif",
	"lore": "Deep space transmissions expert. Pietts personal advisor. TIE ace promoted upon Pietts request.",
	"rarity": "R",
	"text": "Adds 3 to power of anything he pilots. When piloting a Star Destroyer at a battleground system, adds 1 to your Force drains here and at each other battleground system controlled by a Star Destroyer within 2 parsecs of Chiraneau.",
	"icons": "Pilot  [Warrior]",
	"destiny": "2",
	"power": "2",
	"ability": "2",
	"deploy": "3",
	"forfeit": "4",
	"uniqueness": "•"
}
