﻿{
	"name": "Admiral Ackbar",
	"id": "admiralackbar",
	"side": "LS",
	"type": "Character",
	"subtype": "Rebel",
	"card_set": "Death Star II",
	"image": "img/DeathStarII-Light/admiralackbar.gif",
	"lore": "Mon Calamari leader of Rebel fleet. Master military strategist. Early prisoner of Grand Moff Tarkin. Convinced his people to join the Alliance.",
	"rarity": "XR",
	"text": "Deploys -2 to Home One. Adds 3 to power of any capital starship he pilots. Your capital starships deploy -1 to same system. Once per game, may take one Mon Calamari character or Admirals Order into hand from Reserve Deck; reshuffle.",
	"icons": "Pilot",
	"destiny": "1",
	"power": "3",
	"ability": "3",
	"deploy": "4",
	"forfeit": "7",
	"uniqueness": "•"
}
