﻿{
	"name": "Admiral Ozzel",
	"id": "admiralozzel",
	"side": "DS",
	"type": "Character",
	"subtype": "Imperial",
	"card_set": "Hoth",
	"image": "img/Hoth-Dark/admiralozzel.gif",
	"lore": "Leader of the Emperors Death Squadron assigned to hunt down and crush the Rebellion. As clumsy as he is stupid. Has just failed Darth Vader for the next-to-last time.",
	"rarity": "R1",
	"text": "Adds 2 to the power of anything he pilots. Subtracts 1 from deploy cost of each of your capital starships at same system. Lost if Vader on table and opponent reacts to same location as Ozzel.",
	"icons": "Pilot",
	"destiny": "0",
	"power": "3",
	"ability": "2",
	"deploy": "0",
	"forfeit": "4",
	"uniqueness": "•"
}
