﻿{
	"name": "Admiral Piett (V)",
	"id": "admiralpiett-v",
	"side": "DS",
	"type": "Character",
	"subtype": "Imperial",
	"card_set": "Virtual Block 6",
	"image": "img/Virtual6-Dark/admiralpiett.gif",
	"lore": "Veteran of the Imperial military machine. Leader of the Imperial fleet at Endor. Skilled at political maneuvering and appeasing his powerful superiors.",
	"rarity": "XR",
	"text": "Adds 3 to power of anything he pilots.  Deploys -2 to Executor (while aboard, it is immune to attrition < 5 and hyperspeed +1). During battle, if Flagship Operations on table, may place a card from hand in Used Pile; your total power is +3.",
	"icons": "Pilot  [Warrior]  [Death Star II]",
	"destiny": "1",
	"power": "3",
	"ability": "3",
	"deploy": "4",
	"forfeit": "6",
	"uniqueness": "•"
}
