﻿{
	"name": "Admiral Motti, Battlestation Coordinator (V)",
	"id": "admiralmottibattlestationcoordinator-v",
	"side": "DS",
	"type": "Character",
	"subtype": "Imperial",
	"card_set": "Virtual Block 6",
	"image": "img/Virtual6-Dark/admiralmottibattlestationcoordinator.gif",
	"lore": "Considered an overrated leader by many subordinates. Has a disturbing lack of faith. Became a member of the Death Stars command triumvirate despite his failings.",
	"rarity": "PM",
	"text": "Adds 2 to power of anything he pilots.  Death Star is hyperspeed = 2, and your total power there (and at system it orbits) is +1 for each Death Star site on table.  While with Tarkin, Tarkin Doctrine ignores parsec limit and is [Immune to Alter].  Immune to attrition < 3.",
	"icons": "Pilot  [Warrior]  [Premium]",
	"destiny": "1",
	"power": "3",
	"ability": "3",
	"deploy": "3",
	"forfeit": "5",
	"uniqueness": "•"
}
