﻿{
	"name": "Admiral Piett",
	"id": "admiralpiett",
	"side": "DS",
	"type": "Character",
	"subtype": "Imperial",
	"card_set": "Death Star II",
	"image": "img/DeathStarII-Dark/admiralpiett.gif",
	"lore": "Veteran of the Imperial military machine. Leader of the Imperial fleet at Endor. Skilled at political maneuvering and appeasing his powerful superiors.",
	"rarity": "XR",
	"text": "Deploys -2 to Executor. Adds 2 to power of anything he pilots (3 if a Star Destroyer). Your capital starships deploy -1 to same system. Once per game, you may take one Admirals Order or any commander into hand from Reserve Deck; reshuffle.",
	"icons": "Pilot  [Warrior]",
	"destiny": "1",
	"power": "3",
	"ability": "3",
	"deploy": "4",
	"forfeit": "6",
	"uniqueness": "•"
}
