﻿{
	"name": "Admiral Ozzel (V)",
	"id": "admiralozzel-v",
	"side": "DS",
	"type": "Character",
	"subtype": "Imperial",
	"card_set": "Virtual Block 2",
	"image": "img/Virtual2-Dark/admiralozzel.gif",
	"lore": "Leader of the Emperors Death Squadron assigned to hunt down and crush the Rebellion. As clumsy as he is stupid. Has just failed Darth Vader for the next-to-last time.",
	"rarity": "R1",
	"text": "Adds 2 to power of anything he pilots. While piloting a capital starship at a battleground system, in each battle a players first battle destiny draw may not be canceled or reduced and if opponent canceled a just drawn battle destiny, they lose 1 Force.",
	"icons": "Pilot  [Hoth]",
	"destiny": "0",
	"power": "3",
	"ability": "2",
	"deploy": "2",
	"forfeit": "4",
	"uniqueness": "•"
}
