﻿{
	"name": "Advance Preparation",
	"id": "advancepreparation",
	"side": "LS",
	"type": "Interrupt",
	"subtype": "Used Or Lost",
	"card_set": "A New Hope",
	"image": "img/ANewHope-Light/advancepreparation.gif",
	"lore": "Early warning and careful planning allow the Rebels to achieve maximum readiness while still maintaining optimal flexibility.",
	"rarity": "U1",
	"text": "USED: Place out of play any one of the following from your hand: Attack Run, Youre All Clear Kid, Death Star: Trench or Rebel Tech. Retrieve 1 Force.LOST: Use 3 Force to retrieve Attack Run.",
	"destiny": "6"
}
