﻿{
	"name": "Advantage",
	"id": "advantage",
	"side": "LS",
	"type": "Effect",
	"subtype": "Immediate",
	"card_set": "Cloud City",
	"image": "img/CloudCity-Light/advantage.gif",
	"lore": "With only a few Jedi remaining in the galaxy, each confrontation between them has far reaching consequences.",
	"rarity": "R",
	"text": "If an opponents character of ability > 3 was just lost in a battle or duel you won, deploy on one of your warriors involved. Warrior is power +2. During each of opponents move phases, opponent loses 1 Force (2 if character was a Dark Jedi). (Immune to Control.)",
	"destiny": "4",
	"uniqueness": "•"
}
