﻿{
	"name": "Advantage (V)",
	"id": "advantage-v",
	"side": "LS",
	"type": "Effect",
	"card_set": "Virtual Block 2",
	"image": "img/Virtual2-Light/advantage.gif",
	"lore": "With only a few Jedi remaining in the galaxy, each confrontation between them has far reaching consequences.",
	"rarity": "R",
	"text": "Deploy on your battleground. Once per battle, if opponents card is hit by a non-[Permanent Weapon] weapon, may make opponents total power -4 (-2 if hit by a lightsaber).",
	"icons": "[Cloud City]",
	"destiny": "4",
	"uniqueness": "•"
}
