﻿{
	"name": "Advance Preparation (V)",
	"id": "advancepreparation-v",
	"side": "LS",
	"type": "Interrupt",
	"subtype": "Used Or Starting",
	"card_set": "Virtual Block 1",
	"image": "img/Virtual1-Light/advancepreparation.gif",
	"lore": "Early warning and careful planning allow the Rebels to achieve maximum readiness while still maintaining optimal flexibility.",
	"rarity": "U1",
	"text": "USED: Cancel Uncertain Is The FutureSTARTING: If Massassi Base Operations on table, deploy from Reserve Deck Death Star Schematics, Massassi War Room, and up to two Effects that deploy for free and are [Immune to Alter].  Place this Interrupt in hand.(Errata Text - September 9th, 2009)",
	"icons": "[A New Hope]",
	"destiny": "6"
}
