﻿{
	"name": "Advosze",
	"id": "advosze",
	"side": "DS",
	"type": "Character",
	"subtype": "Alien",
	"card_set": "A New Hope",
	"image": "img/ANewHope-Dark/advosze.gif",
	"lore": "Typical of male Advosze, Bom Vimdin despises those of his own species. Pessimistic and territorial, he is a lone smuggler who prefers to work for corrupt officials.",
	"rarity": "C2",
	"text": "Adds 2 to power of anything he pilots. Whenever you deploy a weapon or device from hand at same location, activate 1 Force as a kickback. Limit of one Advosze per location.",
	"icons": "Pilot",
	"destiny": "2",
	"power": "2",
	"ability": "2",
	"deploy": "3",
	"forfeit": "2",
	"uniqueness": "•••"
}
