﻿{
	"name": "A Few Maneuvers",
	"id": "afewmaneuvers",
	"side": "LS",
	"type": "Interrupt",
	"subtype": "Used",
	"card_set": "Premiere",
	"image": "img/Premiere-Light/afewmaneuvers.gif",
	"lore": "...I know a few maneuvers. Well lose them. Boosted shields and fancy flying are necessary to escape Imperial weapon fire until hyperspace jump can be made.",
	"rarity": "C2",
	"text": "Add 2 to hyperspeed and maneuver of any starfighter for the remainder of this turn. (Interrupt may even affect the result immediately after a destiny draw targeting the starfighters maneuver.)",
	"destiny": "6"
}
