﻿{
	"name": "Affect Mind",
	"id": "affectmind",
	"side": "LS",
	"type": "Effect",
	"card_set": "Premiere",
	"image": "img/Premiere-Light/affectmind.gif",
	"lore": "What was that? The Jedi power known as affect mind is often used to create minor distractions, allowing Jedi to elude enemies rather than engage them in battle.",
	"rarity": "R1",
	"text": "Use 1 Force to deploy on one of your Jedi. Unless a Dark Jedi is also present, opponents total ability at same location is reduced by 2.",
	"destiny": "5",
	"uniqueness": "•"
}
