﻿{
	"name": "Affect Mind (V)",
	"id": "affectmind-v",
	"side": "LS",
	"type": "Defensive Shield",
	"card_set": "Virtual Defensive Shield",
	"image": "img/VirtualDS-Light/affectmind.gif",
	"lore": "What was that? The Jedi power known as affect mind is often used to create minor distractions, allowing Jedi to elude enemies rather than engage them in battle.",
	"rarity": "R1",
	"text": "Plays on table. Unless Inner Strength on table, opponent may use only one combat card per turn. While opponent has 2 Dark Jedi on Naboo, you lose no more than 2 Force to Force drains at opponents Naboo sites. Let Them Make The First Move may target only droids and spies.",
	"destiny": "5",
	"uniqueness": "•"
}
