﻿{
	"name": "After Her! (V)",
	"id": "afterher-v",
	"side": "DS",
	"type": "Defensive Shield",
	"card_set": "Virtual Defensive Shield",
	"image": "img/VirtualDS-Dark/afterher.gif",
	"lore": "This ones a decoy!",
	"rarity": "R",
	"text": "Plays on table.  Unless present at a site, [Reflections III] Leias game text is canceled.  Each Amidala stacked on a Political Effect is a senator.  Once per game, may take [Virtual Block 1] Astromech Shortage into hand from Reserve Deck; reshuffle.",
	"icons": "[Episode 1]  [Theed Palace]",
	"destiny": "5",
	"uniqueness": "•"
}
