﻿{
	"name": "After Her!",
	"id": "afterher",
	"side": "DS",
	"type": "Effect",
	"subtype": "Immediate",
	"card_set": "Theed Palace",
	"image": "img/TheedPalace-Dark/afterher.gif",
	"lore": "This ones a decoy!",
	"rarity": "R",
	"text": "If opponent just Force drained you at a location, deploy on that location. Opponents Force drains here are +1. Your battle destiny draws here are +1. If you control this location, may place Immediate Effect in Used Pile to retrieve 4 Force. (Immune to Control.)",
	"icons": "[Episode 1]",
	"destiny": "5",
	"uniqueness": "•"
}
