﻿{
	"name": "A Gift",
	"id": "agift",
	"side": "LS",
	"type": "Effect",
	"subtype": "Immediate",
	"card_set": "Jabba's Palace",
	"image": "img/JabbasPalace-Light/agift.gif",
	"lore": "As a token of my good will, I present to you a gift: these two droids. Both are hardworking and will serve you well.",
	"rarity": "U",
	"text": "If you just moved a droid to Audience Chamber, deploy on the droid. Droid is an Undercover spy. Wherever opponent has an alien, opponents battle destiny draws are -2 and Force drains are -1. Immediate Effect canceled if droid leaves Tatooine. (Immune to Control.)",
	"destiny": "4",
	"uniqueness": "•"
}
