﻿{
	"name": "A Good Blaster At Your Side",
	"id": "agoodblasteratyourside",
	"side": "LS",
	"type": "Effect",
	"card_set": "Virtual Block 8",
	"image": "img/Virtual8-Light/agoodblasteratyourside.gif",
	"lore": "Ive been looking forward to this for a long time. Yes, Ill bet you have. Han abruptly ended his conversation with Greedo and flipped Wuher a credit to pay for the cleanup.",
	"rarity": "U1",
	"text": "Deploy on table. Non-lightsaber weapons carried by your non-Jedi characters may not be stolen. During your control phase, opponent loses 1 Force for each battleground site you control with a non-[Permanent Weapon] blaster present. Rebel Artillery is a Lost interrupt. (Immune to Alter).",
	"destiny": "3",
	"uniqueness": "•"
}
