﻿{
	"name": "Aiiii! Aaa! Agggggggggg!",
	"id": "aiiiiaaaagggggggggg",
	"side": "DS",
	"type": "Interrupt",
	"subtype": "Lost",
	"card_set": "Cloud City",
	"image": "img/CloudCity-Dark/aiiiiaaaagggggggggg.gif",
	"lore": "They never even asked me any questions.",
	"rarity": "R",
	"text": "If you have a Rebel of ability > 1 captive at a prison you control, opponent loses X Force, where X = the number of opponents characters with ability > 2 on table.",
	"destiny": "4",
	"uniqueness": "•"
}
