﻿{
	"name": "Aim High",
	"id": "aimhigh",
	"side": "LS",
	"type": "Effect",
	"card_set": "Endor",
	"image": "img/Endor-Light/aimhigh.gif",
	"lore": "The destruction of a command vehicle negatively impacts Imperial battle efficiency.",
	"rarity": "R",
	"text": "Deploy on table. When you fire two weapons (except lightsabers) in a battle, your total power is +5. Also, whenever opponent retrieves X cards, opponent must first use X Force or that retrieval is canceled. (Immune to Alter.)",
	"destiny": "3",
	"uniqueness": "•"
}
