﻿{
	"name": "Aim High",
	"id": "aimhigh-shield",
	"side": "LS",
	"type": "Defensive Shield",
	"card_set": "Reflections III",
	"image": "img/ReflectionsIII-Light/aimhigh.gif",
	"lore": "The destruction of a command vehicle negatively impacts Imperial battle efficiency.",
	"rarity": "PM",
	"text": "Plays on table. Whenever opponent retrieves X cards, opponent must first use X Force or that retrieval is canceled. (X is equal to the full amount of Force allowed to be retrieved, regardless of the number of cards in opponents Lost Pile.)",
	"destiny": "0",
	"uniqueness": "•"
}
