﻿{
	"name": "Air-2 Racing Swoop",
	"id": "air2racingswoop",
	"side": "LS",
	"type": "Vehicle",
	"subtype": "Transport",
	"card_set": "Special Edition",
	"image": "img/SpecialEdition-Light/air2racingswoop.gif",
	"lore": "Features maneuvering flaps and repulsorlift engines. High speed and sensitive controls make swoops hard to drive. Outracing slavers on Bonadan, Han escaped on an Air-2.",
	"rarity": "C",
	"text": "May add 1 driver and 1 passenger. *Landspeed = Drivers ability, and once per turn, may follow an opponents vehicle or character that just moved from same site (if within range).",
	"destiny": "5",
	"power": "0",
	"deploy": "2",
	"forfeit": "2",
	"maneuver": "5",
	"landspeed": "*"
}
