﻿{
	"name": "A Jedi's Resilience",
	"id": "ajedisresilience",
	"side": "LS",
	"type": "Interrupt",
	"subtype": "Lost",
	"card_set": "Tatooine",
	"image": "img/Tatooine-Light/ajedisresilience.gif",
	"lore": "Luke wasnt going to let Vader dispose of him too quickly.",
	"rarity": "U",
	"text": "If you just lost a duel opponent initiated (before duel has any result) lose 1 Force to cancel the duel and return Interrupt (if any) used to initiate duel to owners hand. OR If you just lost a character armed with a lightsaber, take that character into hand.",
	"destiny": "6",
	"uniqueness": "•"
}
