﻿{
	"name": "A Jedi's Focus",
	"id": "ajedisfocus",
	"side": "LS",
	"type": "Interrupt",
	"subtype": "Used Or Lost",
	"card_set": "Tatooine",
	"image": "img/Tatooine-Light/ajedisfocus.gif",
	"lore": "Vader was surprised at how far the young apprentice had come in his training.",
	"rarity": "C",
	"text": "USED: If you have a character with a lightsaber in battle, all opponents aliens at same site are power -1 for remainder of turn ( -2 if alien is non-unique).LOST: If a duel was just initiated, add the destiny number of the top card of your Lost Pile to your total.",
	"destiny": "4",
	"uniqueness": "•"
}
