﻿{
	"name": "A Jedi's Cunning",
	"id": "ajediscunning",
	"side": "LS",
	"type": "Effect",
	"card_set": "Virtual Block 5",
	"image": "img/Virtual5-Light/ajediscunning.gif",
	"lore": "Lukes sudden reversal of fortune allowed him to turn the tables on Vader.",
	"rarity": "R",
	"text": "Deploy on table.  While Sidious or an [Episode I] hologram on table, opponent may not cancel immunity to attrition of your Jedi and draws no more than two battle destiny at sites where you have a Jedi.  Opponent draws no more than two battle destiny where Luke present. (Immune to Alter.)",
	"icons": "[Cloud City]",
	"destiny": "5",
	"uniqueness": "•"
}
