﻿{
	"name": "A Jedi's Strength",
	"id": "ajedisstrength",
	"side": "LS",
	"type": "Jedi Test",
	"card_set": "Dagobah",
	"image": "img/Dagobah-Light/ajedisstrength.gif",
	"rarity": "U",
	"text": "Deploy on an unoccupied Dagobah site. At the beginning of each of your move phases, opponent may relocate this Jedi Test to an adjacent site. Target a mentor on Dagobah and an apprentice who has completed Jedi Test #1. Apprentice may move only by using personal landspeed. Attempt when apprentice is present at the beginning of your control phase. Draw training destiny. If destiny + apprentices ability > 13, test completed: Place on apprentice. Apprentice is power +1 and may move normally. Total ability of 6 or more is required for opponent to draw battle destiny.",
	"destiny": "2"
}
