﻿{
	"name": "A Jedi's Concentration",
	"id": "ajedisconcentration",
	"side": "LS",
	"type": "Interrupt",
	"subtype": "Used Or Lost",
	"card_set": "Tatooine",
	"image": "img/Tatooine-Light/ajedisconcentration.gif",
	"lore": "Lukes experience on Dagobah gave him great skill in using the Force. Vader had to keep his focus on Luke at all times, or face the consequences.",
	"rarity": "C",
	"text": "USED: If a battle was just initiated where you have a character armed with a lightsaber, characters may not be targeted by lightsabers for remainder of battle.LOST: If opponent just initiated a duel, opponent must choose to lose 4 Force or cancel the duel.",
	"destiny": "5",
	"uniqueness": "•"
}
