﻿{
	"name": "A Jedi's Patience",
	"id": "ajedispatience",
	"side": "LS",
	"type": "Interrupt",
	"subtype": "Used Or Lost",
	"card_set": "Tatooine",
	"image": "img/Tatooine-Light/ajedispatience.gif",
	"lore": "Early on in his duel with Vader, Luke took his time in trying to sense his opponents weaknesses.",
	"rarity": "C",
	"text": "USED: If your character armed with a lightsaber is defending a battle, adds 2 to your total power in that battle.LOST: During a duel, cancel one of your duel destiny draws to cause a re-draw.",
	"destiny": "5",
	"uniqueness": "•"
}
