﻿{
	"name": "Ak-rev",
	"id": "akrev",
	"side": "DS",
	"type": "Character",
	"subtype": "Alien",
	"card_set": "Special Edition",
	"image": "img/SpecialEdition-Dark/akrev.gif",
	"lore": "Weequay musician from Sriluur. Studied in a monastery devoted to the Weequay god of thunder. Jabbas drum master. Trained in several forms of hand-to-hand combat.",
	"rarity": "U",
	"text": "Subtracts 1 from attrition against you at same site. Once during each of your control phases, may use 1 Force to take one musician into hand from Reserve Deck; reshuffle.",
	"icons": "[Warrior]",
	"destiny": "2",
	"power": "4",
	"ability": "1",
	"deploy": "3",
	"forfeit": "1",
	"uniqueness": "•"
}
