﻿{
	"name": "Aks Moe",
	"id": "aksmoe",
	"side": "DS",
	"type": "Character",
	"subtype": "Republic",
	"card_set": "Coruscant",
	"image": "img/Coruscant-Dark/aksmoe.gif",
	"lore": "Gran senator from Malastare. A skillful politician who demanded that a commission be sent to Naboo to investigate the alleged occupation there.",
	"rarity": "R",
	"text": "Agendas: ambition, blockade. While in a senate majority, your capital starships are each power +2, and your Force drains are +1 at each battleground system where you occupy a related site.",
	"icons": "[Episode 1]",
	"destiny": "2",
	"power": "3",
	"ability": "3",
	"deploy": "2",
	"forfeit": "5",
	"uniqueness": "•",
	"politics": "3"
}
