﻿{
	"name": "Alderaan Consular Ship",
	"id": "alderaanconsularship",
	"side": "LS",
	"type": "Starship",
	"subtype": "Capital",
	"card_set": "Virtual Block 5",
	"image": "img/Virtual5-Light/alderaanconsularship.gif",
	"rarity": "U2",
	"text": "May add 3 pilots and 4 passengers. Permanent pilot provides ability of 2. Opponent must use +2 Force to initiate a battle here. Once per game, may deploy a senator aboard from Reserve Deck; reshuffle.",
	"icons": "[Episode 1]  [Republic]  Pilot  [Nav Computer]  [Scomp Link]",
	"destiny": "2",
	"power": "5",
	"deploy": "4",
	"forfeit": "8",
	"hyperspeed": "3",
	"modelType": "Corvette",
	"armor": "5"
}
