﻿{
	"name": "Alderaan Operative",
	"id": "alderaanoperative",
	"side": "LS",
	"type": "Character",
	"subtype": "Alien",
	"card_set": "Special Edition",
	"image": "img/SpecialEdition-Light/alderaanoperative.gif",
	"lore": "Many of the Alliances generals and commanders are from Alderaan. Not all of Alderaans population are active members of the Rebellion, but most support the cause.",
	"rarity": "C",
	"text": "While at an Alderaan site: adds 1 to your Force drains there, is forfeit +1 (and power +1 if your general is on Alderaan) and, once during each of your deploy phases, may deploy one site to Alderaan from Reserve Deck; reshuffle.",
	"icons": "[Warrior]",
	"destiny": "3",
	"power": "1",
	"ability": "1",
	"deploy": "1",
	"forfeit": "3"
}
