﻿{
	"name": "Alderaan (Blown Away)",
	"id": "alderaanblownaway",
	"side": "LS",
	"type": "Location",
	"subtype": "System",
	"card_set": "Virtual Block 1",
	"image": "img/Virtual1-Light/alderaanblownaway.gif",
	"rarity": "U2",
	"icons": "[Space]  [Special Edition]  [Dagobah]",
	"destiny": "0",
	"parsec": "2",
	"uniqueness": "•",
	"forceIconsD": "0",
	"forceIconsL": "2",
	"locationDStext": "When deployed, you choose: flip Set Your Course For Alderaan immediately or at the end of your next turn.",
	"locationLStext": "May not be deployed if an Alderaan site (or sector) on table. Star Cruisers ignore location deployment restrictions in their game text."
}
