﻿{
	"name": "Alert My Star Destroyer!",
	"id": "alertmystardestroyer",
	"side": "DS",
	"type": "Effect",
	"subtype": "Immediate",
	"card_set": "Special Edition",
	"image": "img/SpecialEdition-Dark/alertmystardestroyer.gif",
	"lore": "For important Imperial dignitaries, an individual Star Destroyer is placed at their disposal.",
	"rarity": "C",
	"text": "If your admiral, moff or Dark Jedi just shuttled aboard your Star Destroyer, deploy on that character. Star Destroyer is immune to attrition and Flagship deploys free on that starship. Immediate Effect lost if character not aboard that starship.",
	"destiny": "4"
}
