﻿{
	"name": "Allegations Of Corruption",
	"id": "allegationsofcorruption",
	"side": "DS",
	"type": "Effect",
	"card_set": "Coruscant",
	"image": "img/Coruscant-Dark/allegationsofcorruption.gif",
	"lore": "With the Republic groaning under the weight of its own bureaucracy, senators accuse, bicker and fight to further their own agendas.",
	"rarity": "U",
	"text": "Deploy on table. Once per game, may use 1 Force to stack one Interrupt just played here. To play any new Interrupt of the same name, player must first stack it here and use +1 Force for each Interrupt in stack, even if Interrupt is normally free. (Immune to Alter.)",
	"icons": "[Grabber]  [Episode 1]",
	"destiny": "5",
	"uniqueness": "•"
}
