﻿{
	"name": "All Power To Weapons",
	"id": "allpowertoweapons",
	"side": "DS",
	"type": "Interrupt",
	"subtype": "Used Or Lost",
	"card_set": "Special Edition",
	"image": "img/SpecialEdition-Dark/allpowertoweapons.gif",
	"lore": "The TIE fighters energy management system allows its pilot to transfer all power from engines to weapons at a moments notice.",
	"rarity": "C",
	"text": "USED: If a battle was just initiated, each of your TIEs present is power +2 and immune to attrition for remainder of turn.LOST: Lose 1 Force to take up to three non-unique TIEs into hand from Reserve Deck; reshuffle.",
	"destiny": "4"
}
