﻿{
	"name": "All Too Easy",
	"id": "alltooeasy",
	"side": "DS",
	"type": "Effect",
	"subtype": "Immediate",
	"card_set": "Cloud City",
	"image": "img/CloudCity-Dark/alltooeasy.gif",
	"lore": "Perhaps you are not as strong as the Emperor thought.",
	"rarity": "R",
	"text": "If an opponents character at the Carbonite Chamber was just hit by a lightsaber, deploy on that character. Character is instead immediately captured and frozen. If captive released, lose Immediate Effect. (Immune to Control.)",
	"destiny": "5",
	"uniqueness": "•"
}
