﻿{
	"name": "All Wings Report In & Darklighter Spin",
	"id": "allwingsreportin&darklighterspin",
	"side": "LS",
	"type": "Interrupt",
	"subtype": "Used Or Lost",
	"card_set": "Coruscant",
	"image": "img/Coruscant-Light/allwingsreportin&darklighterspin.gif",
	"rarity": "R",
	"text": "USED: Take one unique (•) unpiloted starfighter into hand from Reserve Deck; reshuffle.LOST: During a battle at a system or sector, if you are about to draw a card for battle destiny, you may instead use the maneuver number of your unique (•) starfighter in that battle.",
	"destiny": "5",
	"uniqueness": "•"
}
