﻿{
	"name": "All Wings Report In",
	"id": "allwingsreportin",
	"side": "LS",
	"type": "Interrupt",
	"subtype": "Used",
	"card_set": "Special Edition",
	"image": "img/SpecialEdition-Light/allwingsreportin.gif",
	"lore": "Red 10 standing by. Red 7 standing by. Red 3 standing by. Red 6 standing by. Red 9 standing by. Red 2 standing by. Red 11 standing by. Red 5 standing by.",
	"rarity": "R",
	"text": "Once per game, target on non-unique starfighter on table. Draw destiny. If destiny < X, retrieve X Force, where X = number of copies of that card you have on table. (Immune to Sense.) OR Take one non-unique starfighter into hand from Reserve Deck; reshuffle.",
	"destiny": "5",
	"uniqueness": "•"
}
