﻿{
	"name": "Alter & Friendly Fire",
	"id": "alter&friendlyfire",
	"side": "LS",
	"type": "Interrupt",
	"subtype": "Used Or Lost",
	"card_set": "Reflections II",
	"image": "img/ReflectionsII-Light/alter&friendlyfire.gif",
	"rarity": "PM",
	"text": "USED: Target your highest-ability character and one Effect. Draw destiny. If destiny < ability of target character, cancel target Effect.LOST: If a battle was just initiated at a site where opponent has at least two characters and one weapon, draw destiny. If destiny is < number of opponents characters at that site, opponent chooses one to be lost.",
	"destiny": "4"
}
