﻿{
	"name": "Alter",
	"id": "alter_(ls)_(premiere)",
	"side": "LS",
	"type": "Interrupt",
	"subtype": "Used",
	"card_set": "Premiere",
	"image": "img/Premiere-Light/alter.gif",
	"lore": "A user of the Force can alter the environment to affect the minds of others. The Force can have a strong influence on the weak-minded.",
	"rarity": "U1",
	"text": "Cancel one Effect (or Utinni Effect) by drawing a destiny < ability of your highest-ability character on table. OR Cancel one Sense card just played.",
	"destiny": "4"
}
