﻿{
	"name": "Alter (Premiere) (V)",
	"id": "alterpremiere_(ds)-v",
	"side": "DS",
	"type": "Interrupt",
	"subtype": "Used Or Lost",
	"card_set": "Virtual Block 7",
	"image": "img/Virtual7-Dark/alterpremiere.gif",
	"lore": "A user of the Force can subjugate the will of others or alter the environment at a distance, as when Vader disciplines those whose lack of faith disturbs him.",
	"rarity": "U1",
	"text": "USED: Cancel Sense. LOST: Target an Effect, Political Effect, or Utinni Effect, and one of your characters on table.  Draw destiny.  If destiny < characters ability, target Effect is canceled (you lose no Force to Do, Or Do Not). (Immune to opponents Objective.)",
	"destiny": "4"
}
