﻿{
	"name": "Alter",
	"id": "alter_(ds)_(coruscant)",
	"side": "DS",
	"type": "Interrupt",
	"subtype": "Lost",
	"card_set": "Coruscant",
	"image": "img/Coruscant-Dark/alter.gif",
	"lore": "Those who can use the Force are able to manipulate the objects around them to their advantage.",
	"rarity": "U",
	"text": "Target an Effect, Utinni Effect, or Political Effect (even if just being deployed), and one of your characters on table. Draw destiny. If destiny < ability of character, target Effect is canceled. OR Cancel Sense.",
	"icons": "[Episode 1]",
	"destiny": "4"
}
