﻿{
	"name": "Alter (Coruscant) (V)",
	"id": "altercoruscant_(ds)-v",
	"side": "DS",
	"type": "Interrupt",
	"subtype": "Used Or Lost",
	"card_set": "Virtual Block 7",
	"image": "img/Virtual7-Dark/altercoruscant.gif",
	"lore": "Those who can use the Force are able to manipulate the objects around them to their advantage.",
	"rarity": "U",
	"text": "USED: Cancel Sense. LOST: Target an Effect, Political Effect, or Utinni Effect, and one of your characters on table.  Draw destiny.  If destiny < characters ability, target Effect is canceled (you lose no Force to Do, Or Do Not). (Immune to opponents Objective.)",
	"icons": "[Episode 1]  [Coruscant]",
	"destiny": "4"
}
