﻿{
	"name": "Alter",
	"id": "alter_(ds)_(premiere)",
	"side": "DS",
	"type": "Interrupt",
	"subtype": "Used",
	"card_set": "Premiere",
	"image": "img/Premiere-Dark/alter.gif",
	"lore": "A user of the Force can subjugate the will of others or alter the environment at a distance, as when Vader disciplines those whose lack of faith disturbs him.",
	"rarity": "U1",
	"text": "Cancel one Effect (or Utinni Effect) by drawing a destiny < ability of your highest-ability character on table. OR Cancel one Sense card just played.",
	"destiny": "4"
}
