﻿{
	"name": "Alternatives To Fighting",
	"id": "alternativestofighting",
	"side": "LS",
	"type": "Interrupt",
	"subtype": "Lost",
	"card_set": "A New Hope",
	"image": "img/ANewHope-Light/alternativestofighting.gif",
	"lore": "The Rebellions limited resources force it to consider the wisdom of any military encounter. In many cases, retreat or deception is a preferable recourse.",
	"rarity": "U1",
	"text": "Use 3 Force to cancel a battle just initiated at a system or sector. OR Cancel Besieged. OR Release (move for free) all your characters from a captured starship to your side of any docking bay site.",
	"destiny": "3"
}
