﻿{
	"name": "Alter",
	"id": "alter_(ls)_(coruscant)",
	"side": "LS",
	"type": "Interrupt",
	"subtype": "Lost",
	"card_set": "Coruscant",
	"image": "img/Coruscant-Light/alter.gif",
	"lore": "The Force can be used to affect the things around a Jedi. Always remember, your focus determines your reality.",
	"rarity": "U",
	"text": "Target an Effect, Utinni Effect, or Political Effect (even if just being deployed), and one of your characters on table. Draw destiny. If destiny < ability of character, target Effect is canceled. OR Cancel Sense.",
	"icons": "[Episode 1]",
	"destiny": "4"
}
