﻿{
	"name": "Alter & Collateral Damage",
	"id": "alter&collateraldamage",
	"side": "DS",
	"type": "Interrupt",
	"subtype": "Used Or Lost",
	"card_set": "Reflections II",
	"image": "img/ReflectionsII-Dark/alter&collateraldamage.gif",
	"rarity": "PM",
	"text": "USED: Target your highest-ability character and one Effect. Draw Destiny. If destiny < ability of target character, cancel target Effect.LOST: If a battle was just initiated at a site where opponent has at least two characters and one weapon, draw destiny. If destiny < number of opponents characters at that site, opponent chooses one to be lost.",
	"destiny": "4"
}
