﻿{
	"name": "Alter (Coruscant) (V)",
	"id": "altercoruscant_(ls)-v",
	"side": "LS",
	"type": "Interrupt",
	"subtype": "Used Or Lost",
	"card_set": "Virtual Block 7",
	"image": "img/Virtual7-Light/altercoruscant.gif",
	"lore": "The Force can be used to affect the things around a Jedi. Always remember, your focus determines your reality.",
	"rarity": "U",
	"text": "USED: Cancel Sense. LOST: Target an Effect, Political Effect, or Utinni Effect, and one of your characters on table.  Draw destiny.  If destiny < characters ability, target Effect is canceled (you lose no Force to There Is No Try). (Immune to opponents Objective.)",
	"icons": "[Episode 1]  [Coruscant]",
	"destiny": "4"
}
