﻿{
	"name": "Alter (Premiere) (V)",
	"id": "alterpremiere_(ls)-v",
	"side": "LS",
	"type": "Interrupt",
	"subtype": "Used Or Lost",
	"card_set": "Virtual Block 7",
	"image": "img/Virtual7-Light/alterpremiere.gif",
	"lore": "A user of the Force can alter the environment to affect the minds of others. The Force can have a strong influence on the weak-minded.",
	"rarity": "U1",
	"text": "USED: Cancel Sense. LOST: Target an Effect, Political Effect, or Utinni Effect, and one of your characters on table.  Draw destiny.  If destiny < characters ability, target Effect is canceled (you lose no Force to There Is No Try). (Immune to opponents Objective.)",
	"destiny": "4"
}
