﻿{
	"name": "Always Thinking With Your Stomach",
	"id": "alwaysthinkingwithyourstomach",
	"side": "DS",
	"type": "Interrupt",
	"subtype": "Lost",
	"card_set": "Endor",
	"image": "img/Endor-Dark/alwaysthinkingwithyourstomach.gif",
	"lore": "When Rebels get separated from their means of transportation, they lose effectiveness.",
	"rarity": "R",
	"text": "Cancel a Force drain at an exterior planet site where opponent has no vehicles or starships. Draw destiny. If destiny > number of opponents characters at that site, choose one of those characters to be missing.",
	"destiny": "4",
	"uniqueness": "•"
}
