﻿{
	"name": "Amanin",
	"id": "amanin",
	"side": "DS",
	"type": "Character",
	"subtype": "Alien",
	"card_set": "Jabba's Palace",
	"image": "img/JabbasPalace-Dark/amanin.gif",
	"lore": "Amanin are a primitive hunting species. Exposed to space travel when their planet became a mining world for the Empire. Fierce-tempered when angered.",
	"rarity": "C",
	"text": "When Attacking or being attacked by a creature, power +3 and may add one destiny. If Amanin is alone and causes a non-selective creature to be lost, creature is placed out of play and you may retrieve Force equal to its deploy cost.",
	"destiny": "3",
	"power": "3",
	"ability": "1",
	"deploy": "3",
	"forfeit": "2"
}
