﻿{
	"name": "Amanaman",
	"id": "amanaman",
	"side": "DS",
	"type": "Character",
	"subtype": "Alien",
	"card_set": "Jabba's Palace",
	"image": "img/JabbasPalace-Dark/amanaman.gif",
	"lore": "Male Amanin. Hangs the heads of his victims on his staff. Nicknamed Amanaman; his real name is unknown on Tatooine.",
	"rarity": "R",
	"text": "Once per battle, may use 2 Force to behead (place out of play) one opposing non-droid character lost or forfeited where present. Adds X to attrition in battles at same site where X = the number of beheaded victims.",
	"icons": "[Warrior]",
	"destiny": "2",
	"power": "3",
	"ability": "1",
	"deploy": "4",
	"forfeit": "2",
	"uniqueness": "•"
}
