﻿{
	"name": "Ambush",
	"id": "ambush",
	"side": "LS",
	"type": "Interrupt",
	"subtype": "Lost",
	"card_set": "Cloud City",
	"image": "img/CloudCity-Light/ambush.gif",
	"lore": "Well done. Hold them in the security tower, and keep it quiet. Move.",
	"rarity": "R",
	"text": "During your turn, target a site where your total power is more than double opponents total power. Unless opponent has a Dark Jedi or character weapon there, place each opponent character, vehicle and starship there (and cards on them) in owners Used Pile.",
	"destiny": "3",
	"uniqueness": "•"
}
