﻿{
	"name": "Ambush (V)",
	"id": "ambush-v",
	"side": "LS",
	"type": "Interrupt",
	"subtype": "Lost",
	"card_set": "Virtual Block 5",
	"image": "img/Virtual5-Light/ambush.gif",
	"lore": "Well done. Hold them in the security tower, and keep it quiet. Move.",
	"rarity": "R",
	"text": "Use 1 Force to deploy up to two clones from Reserve Deck; reshuffle. OR If your clones occupy three related battlegrounds during your control phase, use 2 Force (free if on Coruscant) to retrieve any one card into hand. OR If your clone in battle, add one battle destiny.",
	"icons": "[Episode 1]  [Cloud City]",
	"destiny": "3",
	"uniqueness": "•"
}
