﻿{
	"name": "Amidala's Blaster",
	"id": "amidalasblaster",
	"side": "LS",
	"type": "Weapon",
	"subtype": "Character",
	"card_set": "Theed Palace",
	"image": "img/TheedPalace-Light/amidalasblaster.gif",
	"lore": "Amidalas ability as a warrior is underestimated by those who encounter her. With her weapon of choice, she often uses this fact to her advantage.",
	"rarity": "R",
	"text": "Deploy on Amidala. May target a character or creature for free. Draw destiny. Character is power and forfeit = 0 if destiny > defense value. Creature lost if destiny +2 > defense value.",
	"icons": "[Episode 1]",
	"destiny": "6",
	"uniqueness": "•"
}
