﻿{
	"name": "A Million Voices Crying Out",
	"id": "amillionvoicescryingout",
	"side": "DS",
	"type": "Effect",
	"card_set": "Tatooine",
	"image": "img/Tatooine-Dark/amillionvoicescryingout.gif",
	"lore": "Tarkin silenced the voices of Alderaan with the power of the Death Star.",
	"rarity": "R",
	"text": "Deploy on table. Twice per game may take Commence Primary Ignition into hand from Lost Pile or Reserve Deck; reshuffle. If Alderaan blown away, retrieve 3 Force whenever you deploy a unique (•) Star Destroyer. (Immune to Alter.)",
	"destiny": "5",
	"uniqueness": "•"
}
