﻿{
	"name": "Anakin's Podracer",
	"id": "anakinspodracer",
	"side": "LS",
	"type": "Podracer",
	"card_set": "Tatooine",
	"image": "img/Tatooine-Light/anakinspodracer.gif",
	"lore": "Built from Radon-Ulzer racing engines that Watto regarded as too burned-out to be of any use. New fuel injection subsystem created by Anakin radically increases thrust.",
	"rarity": "R",
	"text": "Deploy on Podrace Arena. Draws 2 race destiny instead of 1. During your draw phase, if opponent has a higher race total than Anakins Podracer, draw 3 race destiny next turn and choose 2. Once per game may take I Did It! into hand from Reserve Deck; reshuffle.",
	"icons": "[Episode 1]",
	"destiny": "3",
	"uniqueness": "•"
}
