﻿{
	"name": "Anakin Solo",
	"id": "anakinsolo",
	"side": "LS",
	"type": "Character",
	"subtype": "New Republic",
	"card_set": "Virtual Block 8",
	"image": "img/Virtual8-Light/anakinsolo.gif",
	"lore": "Padawan.",
	"rarity": "U",
	"text": "Power +2 while armed with a lightsaber. May use any stolen lightsaber. Once during battle, where present, may steal an opponents just-lost lightsaber. Immune to attrition <3 (<5 while armed with a stolen lightsaber).",
	"icons": "Pilot  [Warrior]",
	"destiny": "2",
	"power": "2",
	"ability": "4",
	"deploy": "3",
	"forfeit": "4",
	"uniqueness": "•"
}
