﻿{
	"name": "Anakin's Lightsaber (V)",
	"id": "anakinslightsaber-v",
	"side": "LS",
	"type": "Weapon",
	"subtype": "Character",
	"card_set": "Virtual Block 2",
	"image": "img/Virtual2-Light/anakinslightsaber.gif",
	"lore": "Constructed by Anakin Skywalker. Kept by Obi-Wan Kenobi until given to Luke.",
	"rarity": "R1",
	"text": "Deploy on Leia, non-Jedi Luke, or any Mara. May add 1 to Force drain where present. May target a character or creature. Draw two destiny. Target hit, and its forfeit = 0, if total destiny > defense value. Instead of firing, may use 1 Force to cancel a just drawn weapon destiny here.(Original concept by Peter Nordstrom - Alderaan Regional 2005)",
	"icons": "[Hoth]",
	"destiny": "1",
	"uniqueness": "•"
}
