﻿{
	"name": "Anakin's Lightsaber",
	"id": "anakinslightsaber",
	"side": "LS",
	"type": "Weapon",
	"subtype": "Character",
	"card_set": "Hoth",
	"image": "img/Hoth-Light/anakinslightsaber.gif",
	"lore": "Constructed by Anakin Skywalker. Kept by Obi-Wan Kenobi until given to Luke.",
	"rarity": "R1",
	"text": "Deploy on your Skywalker of ability > 3. May add 1 to Force drain where present. May target a character or creature for free. Draw two destiny. Target hit, and its forfeit = 0, if total destiny > defense value.",
	"destiny": "1",
	"uniqueness": "•"
}
