﻿{
	"name": "Anakin Skywalker, Padawan Learner",
	"id": "anakinskywalkerpadawanlearner",
	"side": "LS",
	"type": "Character",
	"subtype": "Republic",
	"card_set": "Virtual Block 9",
	"image": "img/Virtual9-Light/anakinskywalkerpadawanlearner.gif",
	"lore": "Blank.",
	"rarity": "C",
	"text": "Adds 3 to the power of anything he pilots. Deploys -2 aboard Azure Angel. Adds 2 to maneuver of anything he pilots. Players may initiate battles here for free. During battle, your battle destiny draws and Anakins weapon destiny draws are +1. Immune to attrition < 4.",
	"icons": "Pilot  [Warrior]  [Episode 1]  Clone Army",
	"destiny": "1",
	"power": "5",
	"ability": "5",
	"deploy": "5",
	"forfeit": "8",
	"uniqueness": "•"
}
