﻿{
	"name": "An Enemy Of The Republic",
	"id": "anenemyoftherepublic",
	"side": "DS",
	"type": "Effect",
	"card_set": "Virtual Block 5",
	"image": "img/Virtual5-Dark/anenemyoftherepublic.gif",
	"lore": "-",
	"rarity": "C2",
	"text": "Deploy on Sidious. While at Senate, if battle was just initiated anywhere, opponent must relocate this card to their participating non-droid character; during battle here, your destiny draws may not be canceled. If character about to be lost, relocate to Sidious; may take any one card into hand from Reserve Deck; reshuffle.",
	"icons": "[Episode 1]  [Sidious]",
	"destiny": "6",
	"uniqueness": "•"
}
