﻿{
	"name": "A New Secret Base",
	"id": "anewsecretbase",
	"side": "LS",
	"type": "Effect",
	"card_set": "Third Anthology",
	"image": "img/ThirdAnthology-Light/anewsecretbase.gif",
	"lore": "Due to constant Imperial pursuit, Alliance engineers became adept at constructing new facilities quickly.",
	"rarity": "PM",
	"text": "Deploy on 1st marker. Yavin 4 locations do not count for Imperial Decree. S-foils and your insert cards are canceled. Once during each of your turns, may take up to two sites (or one site and one Effect) with Echo in title or one planet system with two [Light Side Force] icons into hand from Reserve Deck; reshuffle. (Immune to Alter.)",
	"destiny": "5",
	"uniqueness": "•"
}
