﻿{
	"name": "Anger, Fear, Aggression",
	"id": "angerfearaggression",
	"side": "LS",
	"type": "Effect",
	"card_set": "Dagobah",
	"image": "img/Dagobah-Light/angerfearaggression.gif",
	"lore": "The dark side of the Force are they. Easily they flow, quick to join you in a fight.",
	"rarity": "C",
	"text": "Insert in opponents Reserve Deck. When Effect reaches top it is lost, but opponent must initiate a battle by the end of opponents next battle phase or lose 4 Force. (Immune to Alter.)",
	"destiny": "4",
	"uniqueness": "•"
}
