﻿{
	"name": "Anger, Fear, Aggression (V)",
	"id": "angerfearaggression-v",
	"side": "LS",
	"type": "Effect",
	"subtype": "Starting",
	"card_set": "Virtual Block 4",
	"image": "img/Virtual4-Light/angerfearaggression.gif",
	"lore": "The dark side of the Force are they. Easily they flow, quick to join you in a fight.",
	"rarity": "C",
	"text": "Deploy on table with up to 15 cards from outside your deck face-down under here. Four times per game, may play a Defensive Shield from here (as if from hand). Unless canceling your Interrupt, opponent may not play Uncertain Is The Future until the end of your first turn.(Errata Text - September 9th, 2009)",
	"icons": "[Dagobah]",
	"destiny": "4",
	"uniqueness": "•"
}
