﻿{
	"name": "Anoat",
	"id": "anoat_(ds)",
	"side": "DS",
	"type": "Location",
	"subtype": "System",
	"card_set": "Dagobah",
	"image": "img/Dagobah-Dark/anoat.gif",
	"rarity": "U",
	"icons": "[Planet]",
	"destiny": "0",
	"parsec": "5",
	"uniqueness": "•",
	"forceIconsD": "2",
	"forceIconsL": "1",
	"locationDStext": "If opponent initiates a battle here, your starships may move as a 'react' to or from nearest related asteroid sector.",
	"locationLStext": "If you control, all opponent's Ugnaughts on table are forfeit -1."
}
