﻿{
	"name": "Anoat Operative",
	"id": "anoatoperative_(ls)",
	"side": "LS",
	"type": "Character",
	"subtype": "Alien",
	"card_set": "Special Edition",
	"image": "img/SpecialEdition-Light/anoatoperative.gif",
	"lore": "Independent Hnemthe merchants at Anoat coordinate the shipping of supplies to Rebel bases throughout the galaxy.",
	"rarity": "C",
	"text": "While at an Anoat site: adds 1 to your Force drains there, is forfeit +1 (and power +1 if your smuggler or Ugnaught is on Anoat) and, once during each of your deploy phases, may deploy one site to Anoat from Reserve Deck; reshuffle.",
	"icons": "[Warrior]",
	"destiny": "3",
	"power": "1",
	"ability": "1",
	"deploy": "1",
	"forfeit": "3"
}
