﻿{
	"name": "Anoat",
	"id": "anoat_(ls)",
	"side": "LS",
	"type": "Location",
	"subtype": "System",
	"card_set": "Dagobah",
	"image": "img/Dagobah-Light/anoat.gif",
	"rarity": "U",
	"icons": "[Planet]",
	"destiny": "0",
	"parsec": "5",
	"uniqueness": "•",
	"forceIconsD": "1",
	"forceIconsL": "2",
	"locationDStext": "Your Ugnaughts deploy free aboard starships here. If you control, all your Ugnaughts on table are forfeit +2.",
	"locationLStext": "If opponent initiates a battle here, your starships may move as a 'react' to or from nearest related asteroid sector."
}
