﻿{
	"name": "Anoat Operative",
	"id": "anoatoperative_(ds)",
	"side": "DS",
	"type": "Character",
	"subtype": "Alien",
	"card_set": "Special Edition",
	"image": "img/SpecialEdition-Dark/anoatoperative.gif",
	"lore": "Independent mercenaries operating out of Anoat work with some of the locals, such as Ugnaughts. These operatives inform the Empire of all suspected Alliance activities.",
	"rarity": "C",
	"text": "While at an Anoat site: adds 1 to your Force drains there, is power +1 (or +2 if your Ugnaught is on Anoat) and, once during each of your deploy phases, may deploy one site to Anoat from Reserve Deck; reshuffle.",
	"icons": "[Warrior]",
	"destiny": "3",
	"power": "1",
	"ability": "1",
	"deploy": "1",
	"forfeit": "2"
}
