﻿{
	"name": "Another Pathetic Lifeform",
	"id": "anotherpatheticlifeform",
	"side": "LS",
	"type": "Effect",
	"card_set": "Coruscant",
	"image": "img/Coruscant-Light/anotherpatheticlifeform.gif",
	"lore": "Young Obi-Wan has much to learn about the living Force. Patience with others is also high on that list.",
	"rarity": "U",
	"text": "Deploy on table. Once during each of opponents turns, if you occupy a battleground site, may activate 1 Force. While opponent has a nonunique alien or non-unique starfighter in battle, opponent may not draw more than two battle destiny. (Immune to Alter.)",
	"icons": "[Episode 1]",
	"destiny": "5",
	"uniqueness": "•"
}
