﻿{
	"name": "Another Pathetic Lifeform",
	"id": "anotherpatheticlifeform-shield",
	"side": "LS",
	"type": "Defensive Shield",
	"card_set": "Reflections III",
	"image": "img/ReflectionsIII-Light/anotherpatheticlifeform.gif",
	"lore": "Young Obi-Wan has much to learn about the living Force. Patience with others is also high on that list.",
	"rarity": "PM",
	"text": "Plays on table. While opponent has a non-unique alien or non-unique starfighter in battle, opponent may not draw more than two battle destiny.",
	"icons": "[Episode 1]",
	"destiny": "0",
	"uniqueness": "•"
}
