﻿{
	"name": "Antilles Maneuver",
	"id": "antillesmaneuver",
	"side": "LS",
	"type": "Interrupt",
	"subtype": "Used",
	"card_set": "Special Edition",
	"image": "img/SpecialEdition-Light/antillesmaneuver.gif",
	"lore": "As their war with the Empire continued, Rebel pilots learned ways to counter standard Imperial tactics such as the Tallon Roll.",
	"rarity": "C",
	"text": "Take one Corellian Slip into hand from Reserve Deck; reshuffle. OR If Luke and Wedge are in a battle together at a system or sector, exclude from that battle one opponents starfighter or combat vehicle present.",
	"destiny": "5",
	"uniqueness": "•"
}
