﻿{
	"name": "Antilles Maneuver (V)",
	"id": "antillesmaneuver-v",
	"side": "LS",
	"type": "Interrupt",
	"subtype": "Used",
	"card_set": "Virtual Block 1",
	"image": "img/Virtual1-Light/antillesmaneuver.gif",
	"lore": "As their war with the Empire continued, Rebel pilots learned ways to counter standard Imperial tactics such as the Tallon Roll.",
	"rarity": "C",
	"text": "For remainder of turn, opponent must first use 1 Force to fire a weapon and opponents starship weapon destiny draws are -1. OR During opponents deploy phase, deploy a Rebel of ability < 3 (except an admiral) from Reserve Deck aboard your starship; reshuffle.",
	"icons": "[Special Edition]",
	"destiny": "5",
	"uniqueness": "•"
}
