﻿{
	"name": "Antilles Maneuver & Rebel Reinforcements",
	"id": "antillesmaneuver&rebelreinforcements",
	"side": "LS",
	"type": "Interrupt",
	"subtype": "Used Or Lost",
	"card_set": "Virtual Block 6",
	"image": "img/Virtual6-Light/antillesmaneuver&rebelreinforcements.gif",
	"rarity": "C",
	"text": "USED: Cancel Lateral Damage (Immune to Sense.) OR During opponents deploy phase, deploy a Rebel of ability < 3 (except an admiral) aboard your starship from Reserve Deck; reshuffleLOST: Once per game, if opponent has more cards with ability on table than you, draw destiny and retrieve up to that number of Rebels and/or Rebel starships (may take one retrieved card into hand).",
	"icons": "[Special Edition]",
	"destiny": "5",
	"uniqueness": "•"
}
