﻿{
	"name": "An Unusual Amount Of Fear",
	"id": "anunusualamountoffear",
	"side": "LS",
	"type": "Effect",
	"subtype": "Starting",
	"card_set": "Reflections III",
	"image": "img/ReflectionsIII-Light/anunusualamountoffear.gif",
	"lore": "The peacekeepers of the galaxy are not to be taken lightly.",
	"rarity": "PM",
	"text": "Before any starting cards are revealed, deploy on table with up to 10 cards from outside your deck face-down under here. Cards under here do not count toward your deck limit. Three times per game, may play a Defensive Shield from here, as if from hand.",
	"icons": "[Episode 1]",
	"destiny": "0",
	"uniqueness": "•"
}
