﻿{
	"name": "An Unusual Amount Of Fear (V)",
	"id": "anunusualamountoffear-v",
	"side": "LS",
	"type": "Effect",
	"card_set": "Virtual Block 5",
	"image": "img/Virtual5-Light/anunusualamountoffear.gif",
	"lore": "The peacekeepers of the galaxy are not to be taken lightly.",
	"rarity": "PM",
	"text": "Deploy on Jedi Council Chamber or Yodas Hut.  Once per turn, may use 1 Force to take a card with A Jedis in title (except A Jedis Resilience) into hand from Reserve Deck; reshuffle.  [Virtual Block 5] Wipe Them Out, All Of Them and opponents [Sidious] Effects here are canceled. (Immune to Alter.)",
	"icons": "[Reflections III]  [Episode 1]",
	"destiny": "0",
	"uniqueness": "•"
}
