﻿{
	"name": "Any Methods Necessary",
	"id": "anymethodsnecessary",
	"side": "DS",
	"type": "Interrupt",
	"subtype": "Used Or Starting",
	"card_set": "Enhanced Cloud City",
	"image": "img/EnhancedCloudCity-Dark/anymethodsnecessary.gif",
	"lore": "Darth Vader authorized the bounty hunters to use any means at their disposal to find and capture the Millennium Falcon - not that they need any encouragement.",
	"rarity": "PM",
	"text": "USED: Activate 1 Force.STARTING: Take into hand from Reserve Deck one prison and one bounty hunter (may also take a matching weapon and/or starship). When you draw your starting hand, draw six more cards instead of eight. Place Interrupt in Reserve Deck.",
	"destiny": "4",
	"uniqueness": "•"
}
