﻿{
	"name": "Aqualish",
	"id": "aqualish",
	"side": "DS",
	"type": "Character",
	"subtype": "Alien",
	"card_set": "Jabba's Palace",
	"image": "img/JabbasPalace-Dark/aqualish.gif",
	"lore": "Aqualish originate from Ando. Continually at war. Reached the stars by eliminating the creator of the first ship that landed on their planet. Often seen of Cloud City.",
	"rarity": "C",
	"text": "Power +2 and forfeit +1 while Ponda Baba is at Audience Chamber. May initiate a battle for free where present. When at a Cloud City site, cumulatively adds one to number of Bespin locations required to cancel Dark Deal.",
	"icons": "[Warrior]",
	"destiny": "3",
	"power": "2",
	"ability": "1",
	"deploy": "3",
	"forfeit": "2",
	"uniqueness": "•••"
}
