﻿{
	"name": "Aquaris",
	"id": "aquaris",
	"side": "LS",
	"type": "Location",
	"subtype": "System",
	"card_set": "Death Star II",
	"image": "img/DeathStarII-Light/aquaris.gif",
	"rarity": "C",
	"icons": "[Planet]",
	"destiny": "0",
	"parsec": "4",
	"uniqueness": "•",
	"forceIconsD": "1",
	"forceIconsL": "1",
	"locationDStext": "-",
	"locationLStext": "If you control with a starfighter, opponent's Dreadnaught-class cruisers are deploy +3 and your Force generation here is +3."
}
