﻿{
	"name": "Aratech Corporation",
	"id": "aratechcorporation",
	"side": "DS",
	"type": "Effect",
	"card_set": "Endor",
	"image": "img/Endor-Dark/aratechcorporation.gif",
	"lore": "Aratech Corporation sent support staff to various Imperial outposts and garrisons. Gave advanced briefings and training to biker scout personnel.",
	"rarity": "R",
	"text": "Deploy on Carida system. Your speeder bikes piloted by biker scouts are power +1 and forfeit +1 and may follow (for free) an opponents vehicle or character that just moved from same site (if within range). (Immune to Alter while you occupy Carida.)",
	"destiny": "4",
	"uniqueness": "•"
}
