﻿{
	"name": "Aratech Corporation (V)",
	"id": "aratechcorporation-v",
	"side": "DS",
	"type": "Effect",
	"card_set": "Virtual Block 3",
	"image": "img/Virtual3-Dark/aratechcorporation.gif",
	"lore": "Aratech Corporation sent support staff to various Imperial outposts and garrisons. Gave advanced briefings and training to biker scout personnel.",
	"rarity": "R",
	"text": "Deploy on table.  AT-STs and speeder bikes are power and forfeit +1.  During your deploy phase, may reveal an AT-ST or Speeder Bike from hand to take a unique (•) [Endor] Imperial pilot of ability < 3 (or vice versa) into hand from Reserve Deck, and deploy both simultaneously; reshuffle. (Immune to Alter.)(Errata Text - September 9th, 2009)",
	"icons": "[Endor]",
	"destiny": "4",
	"uniqueness": "•"
}
