﻿{
	"name": "Arcona",
	"id": "arcona",
	"side": "LS",
	"type": "Character",
	"subtype": "Alien",
	"card_set": "A New Hope",
	"image": "img/ANewHope-Light/arcona.gif",
	"lore": "Unut Poll is a typical male Arcona. Unlike many other Arcona, he has avoided salt. Scout known to cooperate with Alliance operatives.",
	"rarity": "C2",
	"text": "Power +1 under nighttime conditions. May move away from a battle at same site as a react.",
	"destiny": "3",
	"power": "1",
	"ability": "1",
	"deploy": "2",
	"forfeit": "2",
	"uniqueness": "•••"
}
