﻿{
	"name": "Arc Welder",
	"id": "arcwelder",
	"side": "LS",
	"type": "Device",
	"card_set": "Jabba's Palace",
	"image": "img/JabbasPalace-Light/arcwelder.gif",
	"lore": "Used primarily for sealing bulkheads and performing other repair functions. Especially innovative droids use it for other, less conventional purposes.",
	"rarity": "U",
	"text": "Deploy on any R-unit droid. During your control phase, may use 2 Force to release an escorted captive present. Also, when present at start of a battle, may cause one opponents character of ability = 1 present to be excluded from that battle.",
	"destiny": "6"
}
