﻿{
	"name": "Ardon 'Vapor' Crell",
	"id": "ardonvaporcrell",
	"side": "LS",
	"type": "Character",
	"subtype": "Alien",
	"card_set": "Jabba's Palace",
	"image": "img/JabbasPalace-Light/ardonvaporcrell.gif",
	"lore": "Representative from the Moisture Farmers of Tatooine (local 253). Pays Jabba for protection from Sand People.",
	"rarity": "R",
	"text": "Deploys free on Tatooine. While on Tatooine, your Force drains are +1 at exterior sites where you have a Vaporator or Hydroponics Station (+2 if both). While present with a Vaporator, each of your characters present is immune to attrition < 3.",
	"destiny": "4",
	"power": "2",
	"ability": "1",
	"deploy": "2",
	"forfeit": "2",
	"uniqueness": "•"
}
