﻿{
	"name": "A Real Hero",
	"id": "arealhero",
	"side": "DS",
	"type": "Interrupt",
	"subtype": "Used Or Lost",
	"card_set": "Special Edition",
	"image": "img/SpecialEdition-Dark/arealhero.gif",
	"lore": "I got my own problems.",
	"rarity": "R",
	"text": "USED: Take Lobot into hand from Reserve Deck; reshuffle.LOST: If your Lando is in a battle at a Cloud City site, add two battle destiny. OR If Han and your Lando are involved in the same battle, cancelone opponents battle destiny just after it is revealed.",
	"destiny": "4",
	"uniqueness": "•"
}
