﻿{
	"name": "A Remote Planet (V)",
	"id": "aremoteplanet-v",
	"side": "LS",
	"type": "Effect",
	"card_set": "Virtual Block 8",
	"image": "img/Virtual8-Light/aremoteplanet.gif",
	"lore": "In unfamiliar and potentially hostile territory, Qui-Gon knew that success would require patience and caution.",
	"rarity": "PM",
	"text": "Deploy on The Hyperdrive Generators Gone: treat 4 on it as 2. Your Force generation at City Outskirts is +1. May deploy systems regardless of your Objective deployment restrictions. Once per game, may deploy Qui-Gon or Obi-Wan (an/or their matching weapon_ from Reserve Deck; reshuffle. (Immune to Alter.)",
	"icons": "[Episode 1]  [Setup]",
	"destiny": "5",
	"uniqueness": "•"
}
