﻿{
	"name": "A Remote Planet",
	"id": "aremoteplanet",
	"side": "LS",
	"type": "Effect",
	"card_set": "Reflections III",
	"image": "img/ReflectionsIII-Light/aremoteplanet.gif",
	"lore": "In unfamiliar and potentially hostile territory, Qui-Gon knew that success would require patience and caution.",
	"rarity": "PM",
	"text": "Deploy on table. At [Episode I] Tatooine battleground sites, your Force drains are +1 and opponents cards with ability are deploy -1. While Padme at a Tatooine battleground site, opponents Force drains at related [Episode I] sites are -1. Place Effect in Used Pile if canceled.",
	"icons": "[Episode 1]",
	"destiny": "5",
	"uniqueness": "•"
}
