﻿{
	"name": "Arena Execution",
	"id": "arenaexecution",
	"side": "DS",
	"type": "Mission",
	"card_set": "Virtual Block 9",
	"image": "img/Virtual9-Dark/arenaexecution.gif",
	"rarity": "U",
	"text": "Deploy on War Has Begun. [Virtual Block 2] Special Delivery is canceled. May deploy Arena Pillars from reserve deck; reshuffle. Petranaki Arena is a prison. If there are no captives at Petranaki Arena and opponent about to lose a non-droid character, may imprison it there. If opponent controls Petranaki Arena during their control phase, they may release any number of captives there. If an opponents imprisoned character was just executed, stack it here face down (Mission complete). Reward: Attrition against opponent is +1. Turn the Tide: If opponent controls Petranaki Arena during their control phase, place Mission in Used Pile.",
	"icons": "[Episode 1]  Separatist",
	"destiny": "5",
	"uniqueness": "•"
}
