﻿{
	"name": "Arena Pillars",
	"id": "arenapillars",
	"side": "DS",
	"type": "Effect",
	"card_set": "Virtual Block 9",
	"image": "img/Virtual9-Dark/arenapillars.gif",
	"lore": "Blank",
	"rarity": "U",
	"text": "Deploy on Petranaki Arena. During your control phase, may target an imprisoned captive here: each player draws destiny and adds 1 for each of their cards with power present (2 for [Separatist] cards). If your total higher, target executed (lost) and opponent loses 2 Force. (Immune to Alter)",
	"icons": "[Episode 1]",
	"destiny": "5",
	"uniqueness": "•"
}
