﻿{
	"name": "Are You Brain Dead?!",
	"id": "areyoubraindead",
	"side": "LS",
	"type": "Interrupt",
	"subtype": "Used Or Lost",
	"card_set": "Coruscant",
	"image": "img/Coruscant-Light/areyoubraindead.gif",
	"lore": "Im not going in there with two Jedi!",
	"rarity": "R",
	"text": "USED: Target your [Episode I] Jedi defending a battle. Target is immune to attrition for rest of turn (unless Dark Jedi present).LOST: In a battle you lost, place a Jedi Council Member you just forfeited in Used Pile to cancel all battle damage and attrition against you.",
	"icons": "[Episode 1]",
	"destiny": "5",
	"uniqueness": "•"
}
