﻿{
	"name": "Arica (V)",
	"id": "arica-v",
	"side": "DS",
	"type": "Character",
	"subtype": "Alien/Imperial",
	"card_set": "Virtual Block 4",
	"image": "img/Virtual4-Dark/arica.gif",
	"lore": "Mara Jade posed as a dancer at Jabbas Palace in an attempt to complete her masters task and kill Luke. Musician. Spy. Unable to convince Jabba to take her on his skiff.",
	"rarity": "PM",
	"text": "Power +1 on Tatooine. Once per game, during your move phase, may relocate Arica to Lukes location. During your control phase, if present at a battleground (and Luke is not), may retrieve 1 Force. Immune to Undercover and attrition < 4.",
	"icons": "Pilot  [Warrior]  [Reflections II]",
	"destiny": "1",
	"power": "4",
	"ability": "5",
	"deploy": "5",
	"forfeit": "7",
	"uniqueness": "•"
}
