﻿{
	"name": "Arica",
	"id": "arica",
	"side": "DS",
	"type": "Character",
	"subtype": "Alien/Imperial",
	"card_set": "Reflections II",
	"image": "img/ReflectionsII-Dark/arica.gif",
	"lore": "Mara Jade posed as a dancer at Jabbas Palace in an attempt to complete her masters task and kill Luke. Musician. Spy. Unable to convince Jabba to take her on his skiff.",
	"rarity": "PM",
	"text": "Deploys only to a site as an Undercover spy. While present, reduces Lukes forfeit and immunity to attrition by 2 here. During opponents control phase, Arica may break cover to fire one weapon (for free). Immune to attrition < 4.",
	"icons": "Pilot  [Warrior]",
	"destiny": "1",
	"power": "4",
	"ability": "5",
	"deploy": "5",
	"forfeit": "7",
	"uniqueness": "•"
}
