﻿{
	"name": "Arleil Schous",
	"id": "arleilschous",
	"side": "LS",
	"type": "Character",
	"subtype": "Alien",
	"card_set": "Official Tournament Sealed Deck",
	"image": "img/OfficialTournamentSealedDeck-Light/arleilschous.gif",
	"lore": "One of the Rebellions main contacts on Tatooine. Widely regarded as a leader in the Mos Eisley alien community. Aging male Defel. Has lost the ability to warp light.",
	"rarity": "PM",
	"text": "When deployed, you may take one non-unique alien into hand from Reserve Deck; reshuffle. Adds 2 to power of anything he pilots. Your aliens deploy -1 to same or adjacent Tatooine site.",
	"icons": "Pilot  [Warrior]",
	"destiny": "2",
	"power": "1",
	"ability": "3",
	"deploy": "4",
	"forfeit": "5",
	"uniqueness": "•"
}
