﻿{
	"name": "Armament Dismantled",
	"id": "armamentdismantled",
	"side": "LS",
	"type": "Effect",
	"card_set": "Reflections III",
	"image": "img/ReflectionsIII-Light/armamentdismantled.gif",
	"lore": "Divide and conquer.",
	"rarity": "PM",
	"text": "Use 4 Force (or 1 Force if Obi-Wan is armed with a lightsaber) to deploy on table if Maul present with Obi-Wan. (Obi-Wan may not move that turn.) Mauls lightsaber may add only 1 to Force drains, and may be swung only once per battle. (Immune to Alter.)",
	"icons": "[Episode 1]",
	"destiny": "6",
	"uniqueness": "•"
}
