﻿{
	"name": "Armed And Dangerous & Krayt Dragon Howl",
	"id": "armedanddangerous&kraytdragonhowl",
	"side": "LS",
	"type": "Interrupt",
	"subtype": "Used Or Lost",
	"card_set": "Virtual Block 6",
	"image": "img/Virtual6-Light/armedanddangerous&kraytdragonhowl.gif",
	"rarity": "U",
	"text": "USED: Cancel Disarmed or Stunning Leader.  OR  If a battle was just initiated, deploy a character weapon on your participating character from Reserve Deck (or hand); reshuffle.LOST: Use 1 Force to deploy (or retrieve) non-[Reflections III] Obi-Wan from Reserve Deck; reshuffle.  OR  If opponent just initiated a battle against non-[Reflections III] Obi-Wan alone at a site, his forfeit cannot be reduced.",
	"icons": "[Cloud City]",
	"destiny": "4",
	"uniqueness": "•"
}
