﻿{
	"name": "Armed And Dangerous",
	"id": "armedanddangerous",
	"side": "LS",
	"type": "Interrupt",
	"subtype": "Lost",
	"card_set": "Cloud City",
	"image": "img/CloudCity-Light/armedanddangerous.gif",
	"lore": "The ability to retrieve his weapon by use of the Force was now second nature to Luke.",
	"rarity": "U",
	"text": "If a battle or duel was just initiated at a site, deploy (for free) a unique matching weapon on one of your participating characters from hand or Reserve Deck; reshuffle (if from Reserve Deck).",
	"destiny": "4"
}
