﻿{
	"name": "Armored Attack Tank",
	"id": "armoredattacktank",
	"side": "DS",
	"type": "Vehicle",
	"subtype": "Combat",
	"card_set": "Theed Palace",
	"image": "img/TheedPalace-Dark/armoredattacktank.gif",
	"lore": "The AAT is the most powerful vehicle in the Trade Federation arsenal. It includes range-enhanced laser cannons, projectile launchers and anti-personnel blasters. Enclosed.",
	"rarity": "U",
	"text": "May add 1 pilot and 3 passengers. While piloted at same site as a battle droid, adds two battle destiny. Landspeed may not be increased. Immune to attrition < 4.",
	"icons": "[Episode 1]",
	"destiny": "2",
	"power": "5",
	"deploy": "4",
	"forfeit": "5",
	"uniqueness": "•••",
	"modelType": "AAT",
	"armor": "4",
	"landspeed": "1"
}
