﻿{
	"name": "Artillery Remote",
	"id": "artilleryremote",
	"side": "LS",
	"type": "Device",
	"card_set": "Hoth",
	"image": "img/Hoth-Light/artilleryremote.gif",
	"lore": "Although artillery weapons have a manual firing mechanism, this optional device allows weapons operation from a remote location. Uses coded signals.",
	"rarity": "R2",
	"text": "Use 2 Force to deploy on any warrior. Your artillery weapons anywhere on same planet may fire without a warrior present. Also, once each turn during your control phase, one of your artillery weapons on same planet may be fired (at normal use of the Force).",
	"destiny": "4"
}
