﻿{
	"name": "Artoo, I Have A Bad Feeling About This",
	"id": "artooihaveabadfeelingaboutthis",
	"side": "LS",
	"type": "Interrupt",
	"subtype": "Lost",
	"card_set": "Jabba's Palace",
	"image": "img/JabbasPalace-Light/artooihaveabadfeelingaboutthis.gif",
	"lore": "He says our instructions are to give it only to Jabba himself. Im terrible sorry. Im afraid hes ever so stubborn about these sort of things.",
	"rarity": "U",
	"text": "If you are about to draw a battle destiny, instead use the destiny number of one of your droids in that battle. OR Add 1 to attrition against opponent for each droid you have in that battle. OR If R2-D2 and C-3PO are in battle together, opponent draws no battle destiny.",
	"destiny": "3",
	"uniqueness": "•"
}
