﻿{
	"name": "Artoo, Brave Little Droid (V) (AI)",
	"id": "artoobravelittledroidai-v",
	"side": "LS",
	"type": "Character",
	"subtype": "Droid",
	"card_set": "Virtual Block 5",
	"image": "img/Virtual5-Light/artoobravelittledroidai.gif",
	"lore": "Starship maintenance droid within the Naboo droid pool. Personally responsible for saving Amidalas starship and getting her to Tatooine.",
	"rarity": "R",
	"text": "May fly (landspeed = 2). Once per game, may target up to two opponents droids present; owner must place targets in Used Pile or lose 4 Force. While aboard an [Episode I] starship, it is power +3 and immune to attrition < 4 (or adds 2 to immunity).",
	"icons": "[Nav Computer]  [Episode 1]  [Theed Palace]",
	"destiny": "6",
	"power": "2",
	"deploy": "3",
	"forfeit": "4",
	"uniqueness": "•",
	"modelType": "Astromech"
}
