﻿{
	"name": "Artoo & Threepio",
	"id": "artoo&threepio",
	"side": "LS",
	"type": "Character",
	"subtype": "Droid",
	"card_set": "Reflections II",
	"image": "img/ReflectionsII-Light/artoo&threepio.gif",
	"lore": "Threepios extensive experience talking to the Falcons computer allowed him to pilot the freighter while on Coruscant. Artoo, an R-unit droid, provided moral support.",
	"rarity": "PM",
	"text": "May pilot only Falcon. All droids may be battled. Any player that has no ability in a battle takes no battle damage. Once per turn, may take on card with Bad Feeling in title into hand from Reserve Deck; reshuffle. Bad Feeling Have I is suspended.",
	"icons": "Pilot  [Nav Computer]",
	"destiny": "3",
	"power": "2",
	"deploy": "3",
	"forfeit": "6",
	"uniqueness": "•",
	"modelType": "Astromech"
}
