﻿{
	"name": "Artoo, Come Back At Once!",
	"id": "artoocomebackatonce",
	"side": "LS",
	"type": "Interrupt",
	"subtype": "Used Or Lost",
	"card_set": "Cloud City",
	"image": "img/CloudCity-Light/artoocomebackatonce.gif",
	"lore": "You havent finished with me yet!",
	"rarity": "R",
	"text": "USED: Search your Reserve Deck, take one Hero Of A Thousand Devices into hand and reshuffle.LOST: If R2-D2 is lost, use 1 Force to retrieve him. OR Use 3 Force to search your Reserve Deck, take R2-D2 into hand and reshuffle.",
	"destiny": "4",
	"uniqueness": "•"
}
