﻿{
	"name": "Artoo-Detoo In Red 5",
	"id": "artoodetooinred5",
	"side": "LS",
	"type": "Starship",
	"subtype": "Starfighter",
	"card_set": "Third Anthology",
	"image": "img/ThirdAnthology-Light/artoodetooinred5.gif",
	"lore": "R2-D2 saved Luke and his starfighter more times than the young pilot could count.",
	"rarity": "PM",
	"text": "May add 1 pilot. Permanent astromech aboard is *R2-D2, who adds 2 to power, maneuver and hyperspeed. Luke of ability < 5 deploys free aboard. Immune to attrition < 5 when Luke piloting.",
	"icons": "[Nav Computer]  [Scomp Link]",
	"destiny": "0/7",
	"power": "3",
	"deploy": "4",
	"forfeit": "5",
	"hyperspeed": "5",
	"maneuver": "4",
	"uniqueness": "•",
	"modelType": "X-Wing"
}
