﻿{
	"name": "Artoo",
	"id": "artoo",
	"side": "LS",
	"type": "Character",
	"subtype": "Droid",
	"card_set": "Jabba's Palace",
	"image": "img/JabbasPalace-Light/artoo.gif",
	"lore": "Counterpart to C-3PO. Spy. Obstinate, headstrong and always full of surprises. R2-D2 was an integral part of Luke Skywalkers rescue plans.",
	"rarity": "R",
	"text": "During each of your control phases, may take one Hero Of A Thousand Devices or A Gift into hand from Reserve Deck; reshuffle. If at a battleground site with C-3P0, may subtract 1 from each opponents battle destiny at same and related sites.",
	"icons": "[Nav Computer]",
	"destiny": "1/6",
	"power": "1",
	"deploy": "4",
	"forfeit": "5",
	"uniqueness": "•",
	"modelType": "Astromech"
}
