﻿{
	"name": "Artoo, Brave Little Droid (AI)",
	"id": "artoobravelittledroidai",
	"side": "LS",
	"type": "Character",
	"subtype": "Droid",
	"card_set": "Theed Palace",
	"image": "img/TheedPalace-Light/artoobravelittledroidai.gif",
	"lore": "Starship maintenance droid within the Naboo droid pool. Personally responsible for saving Amidalas starship and getting her to Tatooine.",
	"rarity": "R",
	"text": "While aboard any starfighter, adds 2 to its power and hyperspeed. While in battle at a system, may place Artoo in Used Pile to cancel a just-drawn battle destiny. Cancels Lateral Damage targeting a starship at same system.",
	"icons": "[Nav Computer]  [Episode 1]",
	"destiny": "6",
	"power": "1",
	"deploy": "4",
	"forfeit": "4",
	"uniqueness": "•",
	"modelType": "Astromech"
}
