﻿{
	"name": "Artoo (V)",
	"id": "artoo-v",
	"side": "LS",
	"type": "Character",
	"subtype": "Droid",
	"card_set": "Virtual Block 1",
	"image": "img/Virtual1-Light/artoo.gif",
	"lore": "Counterpart to C-3PO. Spy. Obstinate, headstrong and always full of surprises. R2-D2 was an integral part of Luke Skywalkers rescue plans.",
	"rarity": "R",
	"text": "Heroic. Death Star Plans ignores objective game text, but only draws one destiny. Leia may not move (or be carried) the turn she is released. Once per game, may deploy Trash Compactor from Reserve Deck; reshuffle. May not be Undercover, choked, or targeted by Emperor.(Original concept by Jared Lockwood - Origins V-Lite 2005)",
	"icons": "[Nav Computer]  [Jabba's Palace]",
	"destiny": "1/6",
	"power": "1",
	"deploy": "4",
	"forfeit": "5",
	"uniqueness": "•",
	"modelType": "Astromech"
}
