﻿{
	"name": "Artoo & Threepio (V)",
	"id": "artoo&threepio-v",
	"side": "LS",
	"type": "Character",
	"subtype": "Droid",
	"card_set": "Virtual Block 7",
	"image": "img/Virtual7-Light/artoo&threepio.gif",
	"lore": "Threepios extensive experience talking to the Falcons computer allowed him to pilot the freighter while on Coruscant. Artoo, an R-unit droid, provided moral support.",
	"rarity": "PM",
	"text": "When deployed, may draw top card of Reserve Deck. Unless hit, may re-target a weapon targeting Chewie, Leia, or Luke (of ability < 5) to this droid (targeting may not be canceled). If this droid was just forfeited during opponents turn, may take it into hand.",
	"icons": "[Nav Computer]",
	"destiny": "3",
	"power": "2",
	"deploy": "3",
	"forfeit": "6",
	"uniqueness": "•",
	"modelType": "Astromech"
}
