﻿{
	"name": "Ascension Guns",
	"id": "ascensionguns",
	"side": "LS",
	"type": "Interrupt",
	"subtype": "Lost",
	"card_set": "Theed Palace",
	"image": "img/TheedPalace-Light/ascensionguns.gif",
	"lore": "Modified S-5 security blasters can be used for a wide array of purposes",
	"rarity": "U",
	"text": "During your move phase, target any number of your characters at Theed Palace Hallway. Draw destiny. If destiny +2 > number of characters targeted, relocate those characters to one other interior Naboo site. Otherwise targets are lost.",
	"icons": "[Episode 1]",
	"destiny": "5",
	"uniqueness": "•"
}
