﻿{
	"name": "Ascension Guns (V)",
	"id": "ascensionguns-v",
	"side": "LS",
	"type": "Interrupt",
	"subtype": "Used Or Lost",
	"card_set": "Virtual Block 6",
	"image": "img/Virtual6-Light/ascensionguns.gif",
	"lore": "Modified S-5 security blasters can be used for a wide array of purposes",
	"rarity": "U",
	"text": "USED: If opponent occupies your site, peek at the top two cards of Reserve Deck and take one into hand.LOST: During any move phase, lose 2 Force to relocate up to 3 of your characters from an interior Theed Palace site to any related Throne Room (or vice versa).(Original Concept by Pat Johnson - Corellia Regionals 2005)",
	"icons": "[Episode 1]  [Theed Palace]",
	"destiny": "5",
	"uniqueness": "•"
}
