﻿{
	"name": "Ascertaining The Truth",
	"id": "ascertainingthetruth",
	"side": "LS",
	"type": "Effect",
	"subtype": "Political",
	"card_set": "Coruscant",
	"image": "img/Coruscant-Light/ascertainingthetruth.gif",
	"lore": "We must move quickly to stop the Trade Federation.",
	"rarity": "U",
	"text": "Deploy on table. If no senator here, you may place a senator here from hand to subtract 3 from any battle destiny just drawn. If an order agenda here, during your move phase you may peek at top 2 cards of any Reserve Deck; replace in any order.",
	"icons": "[Episode 1]",
	"destiny": "3",
	"uniqueness": "•"
}
