﻿{
	"name": "As Good As Gone",
	"id": "asgoodasgone",
	"side": "LS",
	"type": "Interrupt",
	"subtype": "Lost",
	"card_set": "Cloud City",
	"image": "img/CloudCity-Light/asgoodasgone.gif",
	"lore": "Hans habit of leaving during a crisis was offset by his tendency to return when his friends needed him the most.",
	"rarity": "C",
	"text": "During your move phase, use 2 Force to return one of your smugglers, gamblers or thieves on table (unless captured or missing) to your hand.",
	"destiny": "3"
}
