﻿{
	"name": "A Sith's Plans",
	"id": "asithsplans",
	"side": "DS",
	"type": "Effect",
	"card_set": "Virtual Block 5",
	"image": "img/Virtual5-Dark/asithsplans.gif",
	"lore": "The Imperial fleet keeps a tight grip on the systems under its control. Abuses and excesses by local citizens are not tolerated.",
	"rarity": "U",
	"text": "Deploy on a site. Sunsdown is canceled. While you have 8 or fewer cards in hand, non-unique characters (except clones), vehicles, starships, weapons, and devices are immune to Grimtaash. Once per turn, may use 2 Force to deploy a non-war room battleground planet location (except a sector) not on table from Reserve Deck; reshuffle. [Immune to Alter]",
	"icons": "[Special Edition]",
	"destiny": "3",
	"uniqueness": "•"
}
