﻿{
	"name": "ASP-707 (Ayesspee)",
	"id": "asp707",
	"side": "LS",
	"type": "Character",
	"subtype": "Droid",
	"card_set": "Special Edition",
	"image": "img/SpecialEdition-Light/asp707.gif",
	"lore": "Extremely common menial-labor droid. Used for a variety of tasks. Mostly used for transporting heavy objects from one place to another.",
	"rarity": "F",
	"text": "Your vehicles and devices deploy -1 here. Once during each of your control phases, may place your weapon, device or non-creature vehicle present on top of Reserve Deck. When on Crash Site Memorial, that Effect is immune to Alter.",
	"destiny": "3",
	"power": "0",
	"deploy": "1",
	"forfeit": "4",
	"modelType": "Automation"
}
