﻿{
	"name": "Assault Rifle (V)",
	"id": "assaultrifle-v",
	"side": "DS",
	"type": "Weapon",
	"subtype": "Character",
	"card_set": "Virtual Block 1",
	"image": "img/Virtual1-Dark/assaultrifle.gif",
	"lore": "BlasTech model DLT-19 heavy blaster rifle. Enhanced with extra power packs and greater range.",
	"rarity": "R2",
	"text": "Deploy on Chief Bast or your Imperial warrior. May target a character, creature, or vehicle at same or adjacent site using 1 Force. Draw destiny. Target lost if destiny +1 > defense value.",
	"destiny": "2"
}
