﻿{
	"name": "Assassin's Blaster Rifle",
	"id": "assassinsblasterrifle",
	"side": "DS",
	"type": "Weapon",
	"subtype": "Character",
	"card_set": "Virtual Block 8",
	"image": "img/Virtual8-Dark/assassinsblasterrifle.gif",
	"rarity": "R",
	"text": "Deploy on an assassin; assassin is power +1. May target a character at same or adjacent site for free. Draw destiny. If destiny +1 > defense value: target hit, may not be captured, and you may place a bounty on target in Used Pile to retrieve 2 Force.",
	"destiny": "2",
	"uniqueness": "•"
}
