﻿{
	"name": "Assault on Muunilinst",
	"id": "assaultonmuunilinst",
	"side": "LS",
	"type": "Mission",
	"card_set": "Virtual Block 9",
	"image": "img/Virtual9-Light/assaultonmuunilinst.gif",
	"rarity": "U",
	"text": "Deploy on Begun, The Clone War Has. Unless a card stacked here, if you control three Muunilinst locations (and opponent controls no Muunilinst locations), opponent loses 1 Force (cannot be reduced) and stacks lost card here face down (Mission complete).Reward: Your Force drains at Muunilinst locations are +1 and, once per turn, may raise your converted Muunilinst site to the top. Turn The Tide: If opponent controls two Muunilinst locations, place Mission in Used Pile.",
	"icons": "[Episode 1]  Clone Army",
	"destiny": "5",
	"uniqueness": "•"
}
