﻿{
	"name": "Assault Rifle",
	"id": "assaultrifle",
	"side": "DS",
	"type": "Weapon",
	"subtype": "Character",
	"card_set": "Premiere",
	"image": "img/Premiere-Dark/assaultrifle.gif",
	"lore": "BlasTech model DLT-19 heavy blaster rifle. Enhanced with extra power packs and greater range.",
	"rarity": "R2",
	"text": "Use 3 Force to deploy on your warrior. May target a character, creature or vehicle at same or adjacent site using 2 Force. Draw destiny. Target hit if destiny +1 > defense value.",
	"destiny": "2"
}
