﻿{
	"name": "Asteroid Sanctuary",
	"id": "asteroidsanctuary",
	"side": "LS",
	"type": "Effect",
	"card_set": "Dagobah",
	"image": "img/Dagobah-Light/asteroidsanctuary.gif",
	"lore": "Smugglers and other criminals sometimes hide in asteroids to avoid capture. The larger the asteroid field, the more resources have to be devoted to the pursuit.",
	"rarity": "C",
	"text": "Deploy on any asteroid sector you control. During each of your control phases, opponent loses X Force, where X = total number of asteroid sectors at same system that are not occupied by opponent. Effect canceled if opponent controls this location.",
	"destiny": "3",
	"uniqueness": "<>"
}
