﻿{
	"name": "Asteroids Do Not Concern Me",
	"id": "asteroidsdonotconcernme",
	"side": "LS",
	"type": "Effect",
	"subtype": "Utinni",
	"card_set": "Dagobah",
	"image": "img/Dagobah-Light/asteroidsdonotconcernme.gif",
	"lore": "The personal fears of Vaders minions do not affect his priorities.",
	"rarity": "R",
	"text": "Deploy on any asteroid sector. Target one opponents capital starship. Pilots aboard target may not use ability to draw battle destiny. Subtract 4 from asteroid destiny when targeting that starship. Utinni Effect canceled when reached by target.",
	"destiny": "4",
	"uniqueness": "•"
}
