﻿{
	"name": "Asteroids Do Not Concern Me (V)",
	"id": "asteroidsdonotconcernme-v",
	"side": "LS",
	"type": "Effect",
	"card_set": "Virtual Block 2",
	"image": "img/Virtual2-Light/asteroidsdonotconcernme.gif",
	"lore": "The personal fears of Vaders minions do not affect his priorities.",
	"rarity": "R",
	"text": "Deploy on table. Asteroid Sanctuary is canceled. When you complete Rycars Run, place it out of play. During your control phase, opponent loses 1 Force for each Asteroid Field you control (limit 3). During your deploy phase, may deploy one Rycars Run or asteroid sector on table from Reserve Deck; reshuffle. (Immune to Alter.)",
	"icons": "[Dagobah]",
	"destiny": "4",
	"uniqueness": "•"
}
