﻿{
	"name": "A Step Backward",
	"id": "astepbackward",
	"side": "LS",
	"type": "Interrupt",
	"subtype": "Lost",
	"card_set": "Tatooine",
	"image": "img/Tatooine-Light/astepbackward.gif",
	"lore": "The clashing of Podracers slowed the pace of the race as Anakin and Sebulba approached the finish line.",
	"rarity": "U",
	"text": "Place the top race destiny of all Podracers in owners Used Pile. OR Place 3 cards from hand (random choice) into your Lost Pile to take any one character from your Lost Pile into hand.",
	"icons": "[Episode 1]",
	"destiny": "5",
	"uniqueness": "•"
}
