﻿{
	"name": "Astromech Translator",
	"id": "astromechtranslator",
	"side": "LS",
	"type": "Device",
	"card_set": "Dagobah",
	"image": "img/Dagobah-Light/astromechtranslator.gif",
	"lore": "Standard technology found on hyperdrive-capable starfighters. Many manufacturers. Converts electronic impulses and high-density electronic languages into readable text.",
	"rarity": "C",
	"text": "Deploy on any starfighter. While an astromech character is aboard: If not piloted, starfighter may move and may use power, maneuver and hyperspeed. OR if piloted, starfighter is immune to attrition < 3 (< 6 if matching pilot aboard).",
	"destiny": "3"
}
