﻿{
	"name": "Astromech Shortage (V)",
	"id": "astromechshortage-v",
	"side": "DS",
	"type": "Effect",
	"card_set": "Virtual Block 1",
	"image": "img/Virtual1-Dark/astromechshortage.gif",
	"lore": "Imperial pilots often target astromech aboard Rebel starfighters in an attempt to prevent hyper-escapes. Scarcity of undamaged astromechs can delay starfighter deployment.",
	"rarity": "U2",
	"text": "Deploy on table. During the power segment of a battle, may use X Force to reduce a starships immunity to attrition by X for remainder of turn. Once per turn, may use 2 Force to cancel the game text of a [Maintenance] character or a non-[Theed Palace] senator for remainder of turn.",
	"icons": "[A New Hope]",
	"destiny": "3",
	"uniqueness": "•"
}
