﻿{
	"name": "Astromech Shortage",
	"id": "astromechshortage",
	"side": "DS",
	"type": "Effect",
	"card_set": "A New Hope",
	"image": "img/ANewHope-Dark/astromechshortage.gif",
	"lore": "Imperial pilots often target astromech aboard Rebel starfighters in an attempt to prevent hyper-escapes. Scarcity of undamaged astromechs can delay starfighter deployment.",
	"rarity": "U2",
	"text": "Use 3 Force to deploy on opponents side of table. All opponents starships with a [Nav Computer] icon are deploy +1.",
	"destiny": "3",
	"uniqueness": "•"
}
