﻿{
	"name": "A Stunning Move / A Valuable Hostage",
	"id": "astunningmove",
	"side": "DS",
	"type": "Objective",
	"card_set": "Virtual Block 7",
	"image": "img/starwars/Virtual7-Dark/astunningmove/avaluablehostage.gif",
	"rarity": "U",
	"icons": "[Episode 1]",
	"destiny": "0/7",
	"objectiveText1": "Deploy Palpatine's Quarters, Private Platform, and Insidious Prisoner. {For} remainder of game, Sidious and Imperials are lost. Once per turn, may deploy a Blockade Flagship site. Blockade Flagship may not be 'blown away' {While} this side up, Insidious Prisoner only follows opponent's characters when moving to Palpatine's Quarters. Once per game may deploy (for -2 force) Dooku or Grievous to a site you occupy. {Flip} this card if Insidious Prisoner is on Blockade Flagship.",
	"objectiveText2": "{Immediately} take into hand from reserve deck; reshuffle (or retrieve into hand) a [Presence] droid. {While} this side up, immunity to attrition of opponent's Jedi, starships, and vehicles is limited to <5. During your control phase, opponent loses 1 Force for each battleground you control. Once during your turn, may reveal any one card from Force Pile; reshuffle. Opponent may lose 2 Force to place that card on bottom of your Used Pile; otherwise, take into hand.  {Flip} this card if Insidious Prisoner not at a blockade Flagship site.",
	"objectiveFrontName": "A Stunning Move",
	"objectiveBackName": "A Valuable Hostage"
}
