﻿{
	"name": "AT-AT Driver (V)",
	"id": "atatdriver-v",
	"side": "DS",
	"type": "Character",
	"subtype": "Imperial",
	"card_set": "Virtual Block 6",
	"image": "img/Virtual6-Dark/atatdriver.gif",
	"lore": "Piloting walkers high above the battlefield, AT-AT drivers are protected by 15 centimeters of reinforced armor. Accordingly, they are regarded with contempt by the infantry.",
	"rarity": "C2",
	"text": "Adds 2 to power of any combat vehicle he pilots.  While piloting an AT-AT: draws one battle destiny if not able to otherwise, you may use 1 Force to deploy a vehicle site on this AT-AT from Reserve Deck; reshuffle, and if just lost, may use 1 Force to place this character in Used Pile.",
	"icons": "Pilot  [Hoth]",
	"destiny": "3",
	"power": "0",
	"ability": "2",
	"deploy": "1",
	"forfeit": "2"
}
