﻿{
	"name": "AT-AT Commander",
	"id": "atatcommander",
	"side": "DS",
	"type": "Character",
	"subtype": "Imperial",
	"card_set": "Virtual Block 8",
	"image": "img/Virtual8-Dark/atatcommander.gif",
	"lore": "Leader",
	"rarity": "U1",
	"text": "Adds 2 to the power of anything he pilots. May place AT-AT Commander on bottom of Used Pile to cancel an attempt to target a vehicle he is aboard with Under Attack. Once during each of your turns, may peek at the top card of your Force Pile. Projection of a Skywalker here is suspended.",
	"icons": "Pilot  [Warrior]",
	"destiny": "2",
	"power": "2",
	"ability": "2",
	"deploy": "2",
	"forfeit": "4",
	"uniqueness": "•"
}
