﻿{
	"name": "AT-AT Deployment Platform",
	"id": "atatdeploymentplatform",
	"side": "DS",
	"type": "Location",
	"subtype": "Site",
	"card_set": "Virtual Block 2",
	"image": "img/Virtual2-Dark/atatdeploymentplatform.gif",
	"rarity": "U",
	"icons": "[Interior]  Vehicle  [Scomp Link]  [Dagobah]",
	"destiny": "0",
	"uniqueness": "•••",
	"forceIconsD": "1",
	"forceIconsL": "0",
	"locationDStext": "May deploy Biker Scout Gear here from Reserve Deck; reshuffle, and while here, once per turn, may deploy one card (without ability) in its game text from Reserve Deck; reshuffle.",
	"locationLStext": "Your characters may enter/exit here for 2 Force each.  Unless you occupy, AT-AT's immunity to attrition is +1 (or immune to attrition if non-unique)."
}
