﻿{
	"name": "AT-AT Driver",
	"id": "atatdriver",
	"side": "DS",
	"type": "Character",
	"subtype": "Imperial",
	"card_set": "Hoth",
	"image": "img/Hoth-Dark/atatdriver.gif",
	"lore": "Piloting walkers high above the battlefield, AT-AT drivers are protected by 15 centimeters of reinforced armor. Accordingly, they are regarded with contempt by the infantry.",
	"rarity": "C2",
	"text": "Adds 2 to power of any combat vehicle he pilots (3 if combat vehicle is an AT-AT).",
	"icons": "Pilot",
	"destiny": "1",
	"power": "1",
	"ability": "1",
	"deploy": "2",
	"forfeit": "2"
}
