﻿{
	"name": "AT-AT Cannon (V)",
	"id": "atatcannon-v",
	"side": "DS",
	"type": "Weapon",
	"subtype": "Vehicle",
	"card_set": "Virtual Block 2",
	"image": "img/Virtual2-Dark/atatcannon.gif",
	"lore": "Laser cannons mounted on the head of an Imperial walker provide devastating coordinated firepower. Effective against a wide variety of targets.",
	"rarity": "U1",
	"text": "Deploy on your non-[Maintenance] AT-AT. May target a character or vehicle at same or adjacent site for free. Draw destiny. Target hit if destiny +1 (+2 if a vehicle) > defense value. If lost from table, place this weapon in Used Pile.",
	"icons": "[Hoth]",
	"destiny": "3"
}
