﻿{
	"name": "AT-AT Cannon",
	"id": "atatcannon",
	"side": "DS",
	"type": "Weapon",
	"subtype": "Vehicle",
	"card_set": "Hoth",
	"image": "img/Hoth-Dark/atatcannon.gif",
	"lore": "Laser cannons mounted on the head of an Imperial walker provide devastating coordinated firepower. Effective against a wide variety of targets.",
	"rarity": "U1",
	"text": "Use 2 Force to deploy on your AT-AT. May target a starfighter (use 3 as defense value), character, creature or vehicle at same or adjacent site using 2 Force. Draw destiny. Add 1 if targeting a character or creature, 2 if a vehicle. Target hit if total destiny > defense value.",
	"destiny": "3"
}
