﻿{
	"name": "Atgar Laser Cannon",
	"id": "atgarlasercannon",
	"side": "LS",
	"type": "Weapon",
	"subtype": "Artillery",
	"card_set": "Hoth",
	"image": "img/Hoth-Light/atgarlasercannon.gif",
	"lore": "Atgar 1.4 FD P-tower anti-vehicle cannon. Adapted to operate with minimal performance loss in the extremes of a cold environment.",
	"rarity": "U2",
	"text": "Deploy on an exterior planet site. Your warrior present may target a vehicle at same or adjacent site using 2 Force. Draw destiny. Target crashes if destiny +2 > armor. Target hit if destiny +1 > maneuver.",
	"destiny": "5",
	"deploy": "2",
	"forfeit": "2"
}
