﻿{
	"name": "At Last We Are Getting Results (V)",
	"id": "atlastwearegettingresults-v",
	"side": "DS",
	"type": "Effect",
	"card_set": "Virtual Block 5",
	"image": "img/Virtual5-Dark/atlastwearegettingresults.gif",
	"lore": "First sign that your blockade is going well: the Queens on the comlink.",
	"rarity": "C",
	"text": "If Invasion on table, deploy on table. Maul ignores Objective deployment restrictions. Your [Presence] droids are defense value +2. Your starships are deploy -1. Opponents cards are immunity to attrition -3. (Immune to Alter.)(Original concept by Michael Richards - Oklahoma State 2004)",
	"icons": "[Episode 1]  [Theed Palace]",
	"destiny": "4",
	"uniqueness": "•"
}
