﻿{
	"name": "At Last We Are Getting Results",
	"id": "atlastwearegettingresults",
	"side": "DS",
	"type": "Effect",
	"card_set": "Theed Palace",
	"image": "img/TheedPalace-Dark/atlastwearegettingresults.gif",
	"lore": "First sign that your blockade is going well: the Queens on the comlink.",
	"rarity": "C",
	"text": "Deploy on table. Your [Trade Federation] starfighters are forfeit +2. During every draw phase, opponent loses 1 Force unless they occupy a battleground system. Effect lost if you do not occupy two battleground systems with [Trade Federation] starships.",
	"icons": "[Episode 1]",
	"destiny": "4",
	"uniqueness": "•"
}
