﻿{
	"name": "Atmospheric Assault (V)",
	"id": "atmosphericassault-v",
	"side": "DS",
	"type": "Interrupt",
	"subtype": "Used",
	"card_set": "Virtual Block 2",
	"image": "img/Virtual2-Dark/atmosphericassault.gif",
	"lore": "The TIEs patrolling Cloud City took advantage of Bespins dense cloud cover.",
	"rarity": "R",
	"text": "If your TIE is defending a battle alone at a cloud sector, add two destiny to power only. OR During battle, if you have a TIE present piloted by a character, opponents starship present without a pilot character aboard is power -3.",
	"icons": "[Cloud City]",
	"destiny": "5",
	"uniqueness": "•"
}
