﻿{
	"name": "Atmospheric Assault",
	"id": "atmosphericassault",
	"side": "DS",
	"type": "Interrupt",
	"subtype": "Lost",
	"card_set": "Cloud City",
	"image": "img/CloudCity-Dark/atmosphericassault.gif",
	"lore": "The TIEs patrolling Cloud City took advantage of Bespins dense cloud cover.",
	"rarity": "R",
	"text": "If you just initiated a battle at a Cloud City sector, add one battle destiny. OR During your deploy phase, deploy one TIE Assault Squadron for free (no replacement is necessary).",
	"destiny": "5",
	"uniqueness": "•"
}
