﻿{
	"name": "At Peace (V)",
	"id": "atpeace-v",
	"side": "LS",
	"type": "Effect",
	"card_set": "Virtual Block 6",
	"image": "img/Virtual6-Light/atpeace.gif",
	"lore": "To recover from the strenuous Jedi training routine and revitalize the mind and body, an apprentice must rest to be calm and at peace.",
	"rarity": "R",
	"text": "Deploy on Yodas Hut.  May use 1 Force to prevent Broken concentration from modifying your training destiny (and Strong Is Vader from retrieving Force) this turn.  If Luke has completed Jedi Test #5 and is about to be hit, may place this Effect out of play to prevent it.",
	"icons": "[Dagobah]",
	"destiny": "3",
	"uniqueness": "•"
}
