﻿{
	"name": "At Peace",
	"id": "atpeace",
	"side": "LS",
	"type": "Effect",
	"subtype": "Immediate",
	"card_set": "Dagobah",
	"image": "img/Dagobah-Light/atpeace.gif",
	"lore": "To recover from the strenuous Jedi training routine and revitalize the mind and body, an apprentice must rest to be calm and at peace.",
	"rarity": "R",
	"text": "Deploy on any apprentice at the beginning of your turn. Apprentice rests (may not attempt Jedi Tests) until end of your next turn, then relocate Immediate Effect to Jedi Test. When attempting this test, that apprentice adds 3 to training destiny. (Immune to Control.)",
	"destiny": "3",
	"uniqueness": "•"
}
