﻿{
	"name": "A Tragedy Has Occurred",
	"id": "atragedyhasoccurred",
	"side": "LS",
	"type": "Effect",
	"card_set": "Coruscant",
	"image": "img/Coruscant-Light/atragedyhasoccurred.gif",
	"lore": "Senator Palpatine was quick to point out the aggressions of the Trade Federation in front of the Galactic Senate.",
	"rarity": "U",
	"text": "Deploy on table. Once per game, may use 1 Force to stack one Interrupt just played here. To play any new Interrupt of the same name, player must first stack it here and use +1 Force for each Interrupt in stack, even if Interrupt is normally free. (Immune to Alter.)",
	"icons": "[Grabber]  [Episode 1]",
	"destiny": "5",
	"uniqueness": "•"
}
