﻿{
	"name": "A Tremor In The Force",
	"id": "atremorintheforce",
	"side": "LS",
	"type": "Effect",
	"card_set": "Premiere",
	"image": "img/Premiere-Light/atremorintheforce.gif",
	"lore": "Stand By...",
	"rarity": "U1",
	"text": "Once per game, during your deploy phase, insert (face down) into opponents Reserve Deck; reshuffle. When effect reaches top it is immediately lost, but opponent may not activate any more Force that turn. (Immune to Alter.)",
	"destiny": "3",
	"uniqueness": "•"
}
