﻿{
	"name": "AT-RT",
	"id": "atrt",
	"side": "LS",
	"type": "Vehicle",
	"subtype": "Combat",
	"card_set": "Virtual Block 9",
	"image": "img/Virtual9-Light/atrt.gif",
	"lore": "-",
	"rarity": "C",
	"text": "May add 1 pilot (suspends permanent pilot). May move as a react. Permanent pilot provides ability of 2. Dual Laser Cannon may deploy aboard. When deployed, may Dual Laser Cannon aboard from Reserve Deck; reshuffle.",
	"icons": "Clone Army  Permanent Pilot  [Episode 1]",
	"destiny": "3",
	"power": "3",
	"deploy": "2",
	"forfeit": "3",
	"maneuver": "3",
	"modelType": "AT-RT",
	"landspeed": "3"
}
