﻿{
	"name": "AT-ST Pilot",
	"id": "atstpilot",
	"side": "DS",
	"type": "Character",
	"subtype": "Imperial",
	"card_set": "Endor",
	"image": "img/Endor-Dark/atstpilot.gif",
	"lore": "Due to the unstable control characteristics of AT-STs, only the most talented recruits are assigned to them.",
	"rarity": "C",
	"text": "Adds 2 to power of any combat vehicle he pilots. When piloting an AT-ST in battle, adds 1 to his forfeit, draws one battle destiny if not able to otherwise and cumulatively adds 1 to your attrition against opponent.",
	"icons": "Pilot",
	"destiny": "3",
	"power": "1",
	"ability": "2",
	"deploy": "2",
	"forfeit": "3",
	"uniqueness": "•••"
}
