﻿{
	"name": "AT-ST Dual Cannon (V)",
	"id": "atstdualcannon-v",
	"side": "DS",
	"type": "Weapon",
	"subtype": "Vehicle",
	"card_set": "Virtual Block 3",
	"image": "img/Virtual3-Dark/atstdualcannon.gif",
	"lore": "High rate of fire used for anti-personnel operations. Enhanced design from prototype used in the Battle of Hoth.",
	"rarity": "R",
	"text": "Deploy on your AT-ST. May target a character, creature or vehicle for free. Draw destiny. Target hit (may lose 2 Force to make it lost instead) if destiny +X > defense value, where X = the number of your AT-STs present. May fire repeatedly for 2 Force each time.",
	"icons": "[Endor]",
	"destiny": "4"
}
