﻿{
	"name": "Attack Pattern Delta (V)",
	"id": "attackpatterndelta-v",
	"side": "LS",
	"type": "Interrupt",
	"subtype": "Lost",
	"card_set": "Virtual Block 2",
	"image": "img/Virtual2-Light/attackpatterndelta.gif",
	"lore": "Snowspeeder attack plan devised by Commander Skywalker and Rebel tactician Beryl Chifonage. Single-file formation protects the squadron as the leader draws fire.",
	"rarity": "U1",
	"text": "During a battle at a site, if you are about to draw a card for battle destiny, you may instead use the maneuver number of your participating combat vehicle.",
	"icons": "[Hoth]",
	"destiny": "3"
}
