﻿{
	"name": "Attark (V)",
	"id": "attark-v",
	"side": "LS",
	"type": "Character",
	"subtype": "Alien",
	"card_set": "Virtual Block 3",
	"image": "img/Virtual3-Light/attark.gif",
	"lore": "From a mysterious species known as Hoovers. Possesses tremendous technical abilities. Small size allows him to easy manipulate detailed electronic equipment.",
	"rarity": "R",
	"text": "During your control phase, if No Love For The Empire on table, may retrieve a non-unique alien of a different species than your Rep.",
	"icons": "[Jabba's Palace]",
	"destiny": "3",
	"power": "2",
	"ability": "2",
	"deploy": "2",
	"forfeit": "3",
	"uniqueness": "•"
}
