﻿{
	"name": "Attark",
	"id": "attark",
	"side": "LS",
	"type": "Character",
	"subtype": "Alien",
	"card_set": "Jabba's Palace",
	"image": "img/JabbasPalace-Light/attark.gif",
	"lore": "From a mysterious species known as Hoovers. Possesses tremendous technical abilities. Small size allows him to easy manipulate detailed electronic equipment.",
	"rarity": "R",
	"text": "When at a site you control, allows your Seekers to deploy free there. Attark also allows your Seekers to move for free and to ignore any or all potential target(s) whenever you choose.",
	"destiny": "3",
	"power": "2",
	"ability": "2",
	"deploy": "3",
	"forfeit": "2",
	"uniqueness": "•"
}
