﻿{
	"name": "AT-TE",
	"id": "atte",
	"side": "LS",
	"type": "Vehicle",
	"subtype": "Combat",
	"card_set": "Virtual Block 9",
	"image": "img/Virtual9-Light/atte.gif",
	"lore": "Enclosed",
	"rarity": "C",
	"text": "May add 1 pilot and 4 passengers. While piloted by a clone, draws two battle destiny if unable to otherwise. During battle, if about to be lost before the damage segment, it is instead hit. Immune to attrition < 4.",
	"icons": "[Episode 1]  Clone Army",
	"destiny": "2",
	"power": "4",
	"deploy": "4",
	"forfeit": "5",
	"uniqueness": "•••",
	"modelType": "AT-TE",
	"armor": "4",
	"landspeed": "1"
}
