﻿{
	"name": "Aurra Sing (V) (AI)",
	"id": "aurrasingai-v",
	"side": "DS",
	"type": "Character",
	"subtype": "Alien",
	"card_set": "Virtual Block 5",
	"image": "img/Virtual5-Dark/aurrasingai.gif",
	"lore": "Bounty hunter. Former student of the Force. After failing her Jedi training, Aurra became known for hunting down and killing Jedi Knights.",
	"rarity": "R",
	"text": "Once during opponents activate phase, may relocate Aurra to a site where opponent has a Jedi. Once per game, during your move phase, may fire her weapon at a Jedi; hit target is lost. Immune to attrition < 4.(Original concept by Sam Tashima - North Dakota States 2005)",
	"icons": "[Warrior]  [Episode 1]  [Tatooine]",
	"destiny": "1",
	"power": "4",
	"ability": "4",
	"deploy": "4",
	"forfeit": "3",
	"uniqueness": "•"
}
