﻿{
	"name": "Aurra Sing, Deadly Assassin",
	"id": "aurrasingdeadlyassassin",
	"side": "DS",
	"type": "Character",
	"subtype": "Republic",
	"card_set": "Virtual Block 8",
	"image": "img/Virtual8-Dark/aurrasingdeadlyassassin.gif",
	"lore": "On her assignment to kill Sharad Hett, Aurra used her patience and cunning to help track down the Jedi Master.",
	"rarity": "U",
	"text": "Once per game, deploy a device on Aurra from Reserve Deck; reshuffle. While armed with a [Ref 3] rifle, it may not be retargeted or stolen, her total weapon destiny is +1, and characters she hits may not be used to satisfy attrition. Immune to attrition < 3 (or < 4 if armed with a rifle).",
	"icons": "[Warrior]  [Episode 1]",
	"destiny": "1",
	"power": "4",
	"ability": "4",
	"deploy": "4",
	"forfeit": "6",
	"uniqueness": "•"
}
