﻿{
	"name": "Aurra Sing",
	"id": "aurrasing",
	"side": "DS",
	"type": "Character",
	"subtype": "Alien",
	"card_set": "Tatooine",
	"image": "img/Tatooine-Dark/aurrasing.gif",
	"lore": "Bounty hunter. Former student of the Force. After failing her Jedi training, Aurra became known for hunting down and killing Jedi Knights.",
	"rarity": "R",
	"text": "May use any stolen lightsaber. Once per turn, may steal a lightsaber from an opponents character just lost where present. Immune to attrition < 3 (< 5 while armed with a lightsaber).",
	"icons": "[Warrior]  [Episode 1]",
	"destiny": "1",
	"power": "4",
	"ability": "4",
	"deploy": "4",
	"forfeit": "3",
	"uniqueness": "•"
}
