﻿{
	"name": "Aurra Sing's Blaster Rifle",
	"id": "aurrasingsblasterrifle",
	"side": "DS",
	"type": "Weapon",
	"subtype": "Character",
	"card_set": "Reflections III",
	"image": "img/ReflectionsIII-Dark/aurrasingsblasterrifle.gif",
	"lore": "Aurra Sings weapon of choice when she isnt using an opponents lightsaber against them. Targeting mechanism is so complex only Aurra Sing can decipher it.",
	"rarity": "PM",
	"text": "Deploy on Aurra Sing. May target a character or creature for free. Target loses all immunity to attrition for remainder of turn. Draw destiny. Target hit if destiny +1 > defense value. Jedi hit by Aurra Sing are power = 0 for remainder of battle.",
	"icons": "[Episode 1]",
	"destiny": "7",
	"uniqueness": "•"
}
