﻿{
	"name": "A Useless Gesture (V)",
	"id": "auselessgesture-v",
	"side": "DS",
	"type": "Defensive Shield",
	"card_set": "Virtual Defensive Shield",
	"image": "img/VirtualDS-Dark/auselessgesture.gif",
	"lore": "Imperial officers aboard the Death Star considered the Rebellion a minor threat.",
	"rarity": "PM",
	"text": "Plays on table. In order to play an Interrupt from Lost Pile, opponent must first stack it here (if possible) and use +1 Force for each card here, even if Interrupt is normally free.",
	"icons": "[Grabber]  [Reflections III]",
	"destiny": "0",
	"uniqueness": "•"
}
