﻿{
	"name": "A Useless Gesture",
	"id": "auselessgesture",
	"side": "DS",
	"type": "Defensive Shield",
	"card_set": "Reflections III",
	"image": "img/ReflectionsIII-Dark/auselessgesture.gif",
	"lore": "Imperial officers aboard the Death Star considered the Rebellion a minor threat.",
	"rarity": "PM",
	"text": "Plays on table. Cancels Dont Underestimate Our Chances. When opponent plays an Interrupt and has 3 smugglers on table, if that Interrupt is placed in Lost Pile, place it out of play. Ketwol may exchange a docking bay only once per game.",
	"destiny": "0",
	"uniqueness": "•"
}
