﻿{
	"name": "Aved Luun",
	"id": "avedluun",
	"side": "LS",
	"type": "Character",
	"subtype": "Alien",
	"card_set": "Jabba's Palace",
	"image": "img/JabbasPalace-Light/avedluun.gif",
	"lore": "Shaman of her Jawa tribe. Mate of Kalit. Suspects betrayal from her mates rival, Wittin.",
	"rarity": "R",
	"text": "Deploys only on Tatooine. During your control phase, may search Reserve Deck, take one Utinni! or Jawa into hand and reshuffle. If you have 3 or more Jawas on table, may play Utinni! to cancel a Force drain at a Tatooine site or to cancel Control.",
	"destiny": "3",
	"power": "1",
	"ability": "3",
	"deploy": "3",
	"forfeit": "2",
	"uniqueness": "•"
}
