﻿{
	"name": "Aved Luun (V)",
	"id": "avedluun-v",
	"side": "LS",
	"type": "Character",
	"subtype": "Alien",
	"card_set": "Virtual Block 3",
	"image": "img/Virtual3-Light/avedluun.gif",
	"lore": "Shaman of her Jawa tribe. Mate of Kalit. Suspects betrayal from her mates rival, Wittin.",
	"rarity": "R",
	"text": "Deploys only on Tatooine. Adds one battle destiny with Kalit. Your Jawas and sandcrawlers are destiny +2. May deploy Jawa Camp, Sergeant Doallyn, or Thedit on table from Reserve Deck; reshuffle.",
	"icons": "[Jabba's Palace]",
	"destiny": "3",
	"power": "1",
	"ability": "3",
	"deploy": "2",
	"forfeit": "4",
	"uniqueness": "•"
}
