﻿{
	"name": "Avenger",
	"id": "avenger",
	"side": "DS",
	"type": "Starship",
	"subtype": "Capital",
	"card_set": "Dagobah",
	"image": "img/Dagobah-Dark/avenger.gif",
	"lore": "Key starship used to subjugate Outer Rim worlds. Reassigned to Death Squadron under the command of Captain Needa. Communications ship at the Battle of Endor.",
	"rarity": "R",
	"text": "May add 6 pilots, 8 passengers, 2 vehicles, and 4 TIEs. Has ship-docking capability. Permanent pilot aboard provides ability of 2. Subtract 2 from asteroid destiny draws targeting Avenger.",
	"icons": "Pilot  [Nav Computer]  [Scomp Link]",
	"destiny": "1",
	"power": "8",
	"deploy": "8",
	"forfeit": "9",
	"hyperspeed": "3",
	"uniqueness": "•",
	"modelType": "Imperial-Class Star Destroyer",
	"armor": "6"
}
