﻿{
	"name": "A Vergence In The Force",
	"id": "avergenceintheforce",
	"side": "LS",
	"type": "Effect",
	"subtype": "Immediate",
	"card_set": "Coruscant",
	"image": "img/Coruscant-Light/avergenceintheforce.gif",
	"lore": "A vergence, you say?",
	"rarity": "U",
	"text": "If you just lost more than 2 Force to a Force drain, deploy on opponents location. You lose no more than 1 Force from Force drains here. At any time, you may place Immediate Effect in Used Pile to draw two cards from top of Reserve Deck.",
	"icons": "[Episode 1]",
	"destiny": "5",
	"uniqueness": "•••"
}
