﻿{
	"name": "Away Put Your Weapon",
	"id": "awayputyourweapon",
	"side": "LS",
	"type": "Interrupt",
	"subtype": "Used Or Lost",
	"card_set": "Dagobah",
	"image": "img/Dagobah-Light/awayputyourweapon.gif",
	"lore": "I mean you no harm.",
	"rarity": "U",
	"text": "USED: If a lightsaber was just used to enhance a Force drain, place it in Owners Used Pile.LOST: Place any or all of your devices and character weapons on table in your Used Pile.",
	"destiny": "5",
	"uniqueness": "•"
}
