﻿{
	"name": "Away Put Your Weapon (V)",
	"id": "awayputyourweapon-v",
	"side": "LS",
	"type": "Interrupt",
	"subtype": "Used Or Lost",
	"card_set": "Virtual Block 2",
	"image": "img/Virtual2-Light/awayputyourweapon.gif",
	"lore": "I mean you no harm.",
	"rarity": "U",
	"text": "USED: An opponents just drawn [Permanent Weapon] weapon destiny is -3. (Immune to Sense.)LOST: Once per game, retrieve up to 5 weapons (may take one retireved card into hand).(Errata Text - September 9th, 2009)",
	"icons": "[Dagobah]",
	"destiny": "5",
	"uniqueness": "•"
}
