﻿{
	"name": "A-wing Cannon",
	"id": "awingcannon",
	"side": "LS",
	"type": "Weapon",
	"subtype": "Starship",
	"card_set": "Death Star II",
	"image": "img/DeathStarII-Light/awingcannon.gif",
	"lore": "Equipped with targeting sensor system. Weapon mounts pivot up to 60 degrees to improve targeting.",
	"rarity": "C",
	"text": "Deploy on your A-Wing. May target a starfighter or squadron for free. Draw destiny. Add your starships maneuver. Target hit if total destiny > twice targets defense value.",
	"destiny": "4"
}
