﻿{
	"name": "A-wing",
	"id": "awing",
	"side": "LS",
	"type": "Starship",
	"subtype": "Starfighter",
	"card_set": "Death Star II",
	"image": "img/DeathStarII-Light/awing.gif",
	"lore": "Created by General Dodonna and Rebel engineer Walex Blissex. Designed to combat the speed and maneuverability of the TIE interceptor. Jamming suite disrupts enemy communications.",
	"rarity": "C",
	"text": "Permanent pilot provides ability of 1. Opponent may not react to or from here. Power -1 when opponent has a starfighter present with higher maneuver.",
	"icons": "Pilot  [Nav Computer]  [Scomp Link]",
	"destiny": "3",
	"power": "3",
	"deploy": "2",
	"forfeit": "3",
	"hyperspeed": "4",
	"maneuver": "5",
	"modelType": "A-Wing"
}
