﻿{
	"name": "Awwww, Cannot Get Your Ship Out (V)",
	"id": "awwwwcannotgetyourshipout-v",
	"side": "DS",
	"type": "Effect",
	"subtype": "Immediate",
	"card_set": "Virtual Block 2",
	"image": "img/Virtual2-Dark/awwwwcannotgetyourshipout.gif",
	"lore": "Listen, friend, we didnt mean to land in that puddle, and if we could get our ship out, we would, but we cant so why dont you just...",
	"rarity": "C",
	"text": "If opponent just drew a starship or vehicle for destiny, deploy on table, and stack that card here. Opponent may place a card (your choice) from your Lost Pile into your hand to place this Effect (and stacked cards) into owners Used Pile.",
	"icons": "[Dagobah]",
	"destiny": "4"
}
