﻿{
	"name": "Awwww, Cannot Get Your Ship Out",
	"id": "awwwwcannotgetyourshipout",
	"side": "DS",
	"type": "Effect",
	"card_set": "Dagobah",
	"image": "img/Dagobah-Dark/awwwwcannotgetyourshipout.gif",
	"lore": "Listen, friend, we didnt mean to land in that puddle, and if we could get our ship out, we would, but we cant so why dont you just...",
	"rarity": "C",
	"text": "Deploy on a landed starship (not at a docking bay). Starship may not move. OR Deploy on a starship or vehicle on Dagobah. Starship or vehicle may not move. At the start of you next control phase, starship or vehicle sinks to the Used Pile.",
	"destiny": "4"
}
