﻿{
	"name": "Azure Angel",
	"id": "azureangel",
	"side": "LS",
	"type": "Starship",
	"subtype": "Starfighter",
	"card_set": "Virtual Block 9",
	"image": "img/Virtual9-Light/azureangel.gif",
	"lore": "Blank",
	"rarity": "C",
	"text": "May add 1 pilot and 1 astromech. Once per game, may deploy an astromech aboard (for free) from Reserve Deck; reshuffle. While Anakin piloting, your Interrupts targeting this starship may not be canceled and immune to attrition < 5.",
	"icons": "[Nav Computer]  Clone Army  [Scomp Link]  [Episode 1]  [Republic]",
	"destiny": "2",
	"power": "3",
	"deploy": "4",
	"forfeit": "6",
	"hyperspeed": "6",
	"maneuver": "4",
	"uniqueness": "•",
	"modelType": "Jedi Interceptor"
}
