﻿{
	"name": "B2 Super Battle Droid",
	"id": "b2superbattledroid",
	"side": "DS",
	"type": "Character",
	"subtype": "Droid",
	"card_set": "Virtual Block 9",
	"image": "img/Virtual9-Dark/b2superbattledroid.gif",
	"lore": "Blank.",
	"rarity": "U",
	"text": "Deploys +1 if In Complete Control on table. Draws one battle destiny if unable to otherwise. Adds 1 to attrition against opponent here (2 if with another [Separatist] card). May fire any [Episode 1] weapon for free.",
	"icons": "[Warrior]  Separatist  [Presence] Droid  [Episode 1]",
	"destiny": "3",
	"power": "4",
	"deploy": "3",
	"forfeit": "4",
	"uniqueness": "•••",
	"modelType": "Battle",
	"armor": "4"
}
