﻿{
	"name": "Bail Organa, Father Of Rebellion",
	"id": "bailorganafatherofrebellion",
	"side": "LS",
	"type": "Character",
	"subtype": "Rebel/Republic",
	"card_set": "Virtual Block 7",
	"image": "img/Virtual7-Light/bailorganafatherofrebellion.gif",
	"lore": "Senator. Leader.",
	"rarity": "R",
	"text": "Agenda: rebellion. Your [Coruscant] Political Effects and [Coruscant] senators are lost. Whenever you initiate a battle with a Rebel, may retrieve 1 Force. While in a senate majority, during your control phase, may take one card into hand from Force Pile; reshuffle.",
	"icons": "[Episode 1]",
	"destiny": "3",
	"power": "3",
	"ability": "3",
	"deploy": "2",
	"forfeit": "5",
	"uniqueness": "•",
	"politics": "2"
}
