﻿{
	"name": "Bail Organa",
	"id": "bailorgana",
	"side": "LS",
	"type": "Character",
	"subtype": "Rebel/Republic",
	"card_set": "Virtual Block 5",
	"image": "img/Virtual5-Light/bailorgana.gif",
	"lore": "Leader. Senator.",
	"rarity": "C",
	"text": "Agenda: rebellion. Adds one battle destiny with Leia. Your [Coruscant] senators and [Coruscant] Political Effects are lost. While at Senate: unique (•) Rebels of ability < 4 are power +2, and, if opponent just lost Force to a Force drain by a Rebel, may retrieve 1 Force.",
	"icons": "[Episode 1]  [Special Edition]",
	"destiny": "3",
	"power": "3",
	"ability": "3",
	"deploy": "2",
	"forfeit": "5",
	"uniqueness": "•",
	"politics": "2"
}
