﻿{
	"name": "Baktoid Armor Workshop",
	"id": "baktoidarmorworkshop",
	"side": "DS",
	"type": "Effect",
	"card_set": "Virtual Block 7",
	"image": "img/Virtual7-Dark/baktoidarmorworkshop.gif",
	"lore": "Once begun, the occupation of Naboo was swift, and devastatingly effective.",
	"rarity": "U",
	"text": "Deploy on table. Your [Theed Palace] vehicles are defense value and immunity to attrition +1. May deploy Deployment Orders from Reserve Deck; reshuffle. Once per game, if Deployment Orders on table, may deploy an exterior battleground site not already on table from Reserve Deck; reshuffle. Once per game, may retrieve a [Theed Palace] vehicle into hand. (Immune to Alter)",
	"icons": "[Episode 1]",
	"destiny": "5",
	"uniqueness": "•"
}
