﻿{
	"name": "Balanced Attack (V)",
	"id": "balancedattack-v",
	"side": "LS",
	"type": "Interrupt",
	"subtype": "Used",
	"card_set": "Virtual Block 1",
	"image": "img/Virtual1-Light/balancedattack.gif",
	"lore": "Alliance starfighter pilots cross-train with other starship types to maximize combat efficiency.",
	"rarity": "U",
	"text": "If your corvette, cruiser, and frigate are in battle together, cancel an opponents non-[Immune to Sense] Interrupt. OR Deploy a frigate (deploys -2) from Reserve Deck to same system as your corvette and cruiser; reshuffle. OR Deploy a cruiser (deploys -3) from Reserve Deck to same system as your corvette and frigate; reshuffle.",
	"icons": "[Special Edition]",
	"destiny": "4",
	"uniqueness": "•"
}
