﻿{
	"name": "Balanced Attack",
	"id": "balancedattack",
	"side": "LS",
	"type": "Interrupt",
	"subtype": "Used",
	"card_set": "Special Edition",
	"image": "img/SpecialEdition-Light/balancedattack.gif",
	"lore": "Alliance starfighter pilots cross-train with other starship types to maximize combat efficiency.",
	"rarity": "U",
	"text": "If you have more than one class of snub fighter (Z-95, A-wing, Bwing, X-wing or Y-wing) in a battle, for each different class, add 1 to attrition against opponent (add 2 more if Falcon present). OR Take one admiral or general into hand from Reserve Deck; reshuffle.",
	"destiny": "4",
	"uniqueness": "•"
}
