﻿{
	"name": "Bane Malar, Spice Addict",
	"id": "banemalarspiceaddict",
	"side": "DS",
	"type": "Character",
	"subtype": "Alien",
	"card_set": "Virtual Block 8",
	"image": "img/Virtual8-Dark/banemalarspiceaddict.gif",
	"lore": "Black Sun agent, Assassin, and Bounty Hunter.",
	"rarity": "R",
	"text": "Adds 2 to the power of anything he pilots. Once per turn, may mindscan by placing a card from hand on your Used Pile; choose: until end of turn Malar is power +2 and may fire a weapon twice per battle. OR peek at the top X cards of your Force pile where X = number of characters here.",
	"icons": "Pilot  [Warrior]",
	"destiny": "2",
	"power": "2",
	"ability": "4",
	"deploy": "4",
	"forfeit": "4",
	"uniqueness": "•"
}
