﻿{
	"name": "Bane Malar (V)",
	"id": "banemalar-v",
	"side": "DS",
	"type": "Character",
	"subtype": "Alien",
	"card_set": "Virtual Block 3",
	"image": "img/Virtual3-Dark/banemalar.gif",
	"lore": "Mysterious bounty hunter of an unknown species. Rumored to be somewhat telepathic. Infrequent member of Jabbas court. Plotting to kill Jabba.",
	"rarity": "R",
	"text": "Blaster Rifle is a matching weapon for Bane. While at a battleground planet site, your Force drains and Force drain bonuses here and at same site as Ree-Yees may not be canceled. Immune to attrition < 3.",
	"icons": "[Warrior]  [Jabba's Palace]",
	"destiny": "1",
	"power": "2",
	"ability": "4",
	"deploy": "3",
	"forfeit": "4",
	"uniqueness": "•"
}
