﻿{
	"name": "Bane Malar",
	"id": "banemalar",
	"side": "DS",
	"type": "Character",
	"subtype": "Alien",
	"card_set": "Jabba's Palace",
	"image": "img/JabbasPalace-Dark/banemalar.gif",
	"lore": "Mysterious bounty hunter of an unknown species. Rumored to be somewhat telepathic. Infrequent member of Jabbas court. Plotting to kill Jabba.",
	"rarity": "R",
	"text": "At the start of a battle, may use 1 Force to mindscan one opponents non-droid character of lesser ability present. Adds that characters power and game text to his own for remainder of battle. Immune to attrition < 3.",
	"icons": "[Warrior]",
	"destiny": "1",
	"power": "1",
	"ability": "4",
	"deploy": "4",
	"forfeit": "3",
	"uniqueness": "•"
}
