﻿{
	"name": "Baniss Keeg",
	"id": "banisskeeg",
	"side": "DS",
	"type": "Effect",
	"card_set": "Premiere",
	"image": "img/Premiere-Dark/banisskeeg.gif",
	"lore": "Duros are famous spacers and starship engineers. Many are forced to work for the Empire. Some, like Baniss Keeg, train pilots for deep space missions.",
	"rarity": "C2",
	"text": "Deploy on your non-pilot character (except droids) to give that character [Pilot] skill.  Adds 2 to power of anything that character pilots. OR Deploy on your pilot. Adds 1 to power of anything that character pilots. (Immune to Alter.)",
	"destiny": "5"
}
