﻿{
	"name": "Bantha Herd",
	"id": "banthaherd",
	"side": "DS",
	"type": "Effect",
	"subtype": "Mobile",
	"card_set": "Special Edition",
	"image": "img/SpecialEdition-Dark/banthaherd.gif",
	"lore": "While banthas are found on many worlds, the largest herds are found on Tatooine. The Sand People of that planet learned to tame the beasts.",
	"rarity": "R",
	"text": "Deploy on an exterior Tatooine site. Specify starting location. During your control phase, moves to next adjacent site (reversing direction as necessary). During battle, if your tusken raider or bantha here may add one battle destiny.",
	"destiny": "4",
	"uniqueness": "••"
}
