﻿{
	"name": "Bantha (V)",
	"id": "bantha-v",
	"side": "DS",
	"type": "Vehicle",
	"subtype": "Creature",
	"card_set": "Virtual Block 1",
	"image": "img/Virtual1-Dark/bantha.gif",
	"lore": "Transport, pack animal. Many breeds of different sizes and colors. Three meters tall. Can go weeks without food or water. Found throughout the galaxy.",
	"rarity": "U2",
	"text": "May add 2 riders (passengers). Ability = 1/2. May move as a react. Tusken Raiders here are power +1. Scum And Villainy ignores creature vehicles. During your deploy phase, may deploy one Bantha Herd from Reserve Deck; reshuffle.",
	"destiny": "3",
	"power": "1",
	"deploy": "1",
	"forfeit": "3",
	"maneuver": "2",
	"landspeed": "1"
}
