﻿{
	"name": "Bantha",
	"id": "bantha",
	"side": "DS",
	"type": "Vehicle",
	"subtype": "Creature",
	"card_set": "Premiere",
	"image": "img/Premiere-Dark/bantha.gif",
	"lore": "Transport, pack animal. Many breeds of different sizes and colors. Three meters tall. Can go weeks without food or water. Found throughout the galaxy.",
	"rarity": "U2",
	"text": "May carry 2 passengers. Bantha ability = 1/2. May move as a react only to a battle or Force drain (if within range). Each Tusken Raider at same exterior site is power +1.",
	"destiny": "3",
	"power": "1",
	"deploy": "1",
	"forfeit": "3",
	"maneuver": "2",
	"landspeed": "1"
}
