﻿{
	"name": "Barada",
	"id": "barada",
	"side": "DS",
	"type": "Character",
	"subtype": "Alien",
	"card_set": "Jabba's Palace",
	"image": "img/JabbasPalace-Dark/barada.gif",
	"lore": "Male Klatooinian in charge of Jabbas repulsorpool. Sold onto slavery and won by Jabba in sabacc. Responsible for maintenance and supplies for Jabbas vehicles.",
	"rarity": "R",
	"text": "Deploys only to a Jabbas Palace site. Power = 0 at any location other than a Tatooine site. Power +2 at any Jabbas Palace site while Jabba is on the table. Your transport vehicles lost from same site may go to your Used Pile rather than your Lost Pile.",
	"icons": "[Warrior]",
	"destiny": "2",
	"power": "4",
	"ability": "1",
	"deploy": "5",
	"forfeit": "3",
	"uniqueness": "•"
}
