﻿{
	"name": "Baragwin (V)",
	"id": "baragwin-v",
	"side": "LS",
	"type": "Character",
	"subtype": "Alien",
	"card_set": "Virtual Block 6",
	"image": "img/Virtual6-Light/baragwin.gif",
	"lore": "Hunchbacked scavengers. Found in separate groups throughout the galaxy. Good at finding missing items. Make excellent gun runners. Some work with the rebellion.",
	"rarity": "C",
	"text": "This character is lost if a Starting Effect on table. Your non-alien characters at sites are power and forfeit = 0. If present at a battleground site, your Force drains at battleground sites where you have two aliens are +1, and whenever you deploy an alien, retrieve 1 Force.(Origninal Concept by Corey Faherty - Nationals 2006)",
	"icons": "[Jabba's Palace]",
	"destiny": "3",
	"power": "1",
	"ability": "2",
	"deploy": "2",
	"forfeit": "5",
	"uniqueness": "•••"
}
