﻿{
	"name": "Baragwin",
	"id": "baragwin",
	"side": "LS",
	"type": "Character",
	"subtype": "Alien",
	"card_set": "Jabba's Palace",
	"image": "img/JabbasPalace-Light/baragwin.gif",
	"lore": "Hunchbacked scavengers. Found in separate groups throughout the galaxy. Good at finding missing items. Make excellent gun runners. Some work with the rebellion.",
	"rarity": "C",
	"text": "Once per turn, if the top card of your Lost Pile is a weapon, device or transport vehicle, may use 1 Force to retrieve it. During your control phase, may exchange one card in hand for one weapon or device in your Lost Pile.",
	"icons": "[Warrior]",
	"destiny": "3",
	"power": "1",
	"ability": "2",
	"deploy": "2",
	"forfeit": "3",
	"uniqueness": "•••"
}
