﻿{
	"name": "Bargaining Table",
	"id": "bargainingtable",
	"side": "LS",
	"type": "Effect",
	"card_set": "Jabba's Palace",
	"image": "img/JabbasPalace-Light/bargainingtable.gif",
	"lore": "The alcoves of Jabbas palace are good places to make deals and place bets. Jabba gets a cut of the profits, of course.",
	"rarity": "U",
	"text": "Deploy on your side of table. Once per turn, you may cancel a Force drain by placing here from hand, one non-unique alien. Aliens may deploy from here as if from hand. (If effect canceled by opponent, any aliens here may immediately deploy for free).",
	"destiny": "4",
	"uniqueness": "•"
}
