﻿{
	"name": "Bargaining Table (V)",
	"id": "bargainingtable-v",
	"side": "LS",
	"type": "Effect",
	"card_set": "Virtual Block 3",
	"image": "img/Virtual3-Light/bargainingtable.gif",
	"lore": "The alcoves of Jabbas palace are good places to make deals and place bets. Jabba gets a cut of the profits, of course.",
	"rarity": "U",
	"text": "Deploy on table.  Your unique (•) aliens are forfeit +1 (+2 if they have printed deploy costs greater than or equal to their printed forfeit).  During your deploy phase, may deploy one Attark, Crell, Loje, Momaw, Tzizvvt, or Vul from Reserve Deck; reshuffle. (Immune to Alter.)(Errata Text - September 9th, 2009)",
	"icons": "[Jabba's Palace]",
	"destiny": "4",
	"uniqueness": "•"
}
