﻿{
	"name": "Baron Soontir Fel",
	"id": "baronsoontirfel",
	"side": "DS",
	"type": "Character",
	"subtype": "Imperial",
	"card_set": "Death Star II",
	"image": "img/DeathStarII-Dark/baronsoontirfel.gif",
	"lore": "Corellian Baron. Leader of famed 181st Imperial Fighter Wing. Taught at the Imperial Academy on Prefsbelt IV. Instructed Biggs Darklighter.",
	"rarity": "R",
	"text": "Adds 3 to power of anything he pilots. When piloting Saber 1, adds one battle destiny and 2 to maneuver. Adds 1 to your total battle destiny for each of your piloted TIE Interceptors in same battle.",
	"icons": "Pilot  [Warrior]",
	"destiny": "1",
	"power": "2",
	"ability": "3",
	"deploy": "3",
	"forfeit": "5",
	"uniqueness": "•"
}
