﻿{
	"name": "Barquin D'an",
	"id": "barquindan",
	"side": "DS",
	"type": "Character",
	"subtype": "Alien",
	"card_set": "Special Edition",
	"image": "img/SpecialEdition-Dark/barquindan.gif",
	"lore": "Bith musician and gambler. Estranged older brother of Figrin Dan. Plays kloo horn, but not as well as his brother. Briefly jammed with Max Rebos band.",
	"rarity": "U",
	"text": "Once during each of your control phases, may use 1 Force to make a wager. Both players draw two destiny (add 1 to your total destiny for each of your gamblers at same site). Player with highest total may retrieve 1 Force.",
	"destiny": "2",
	"power": "2",
	"ability": "1",
	"deploy": "2",
	"forfeit": "2",
	"uniqueness": "•"
}
