﻿{
	"name": "Baseless Accusations",
	"id": "baselessaccusations",
	"side": "LS",
	"type": "Interrupt",
	"subtype": "Lost",
	"card_set": "Coruscant",
	"image": "img/Coruscant-Light/baselessaccusations.gif",
	"lore": "The first step in removing a political opponent is to bring their reputation into question.",
	"rarity": "C",
	"text": "During any control phase, target an opponents senator present with your character with politics at Galactic Senate. For remainder of turn, targets game text is canceled and target is politics = 0.",
	"icons": "[Episode 1]",
	"destiny": "5",
	"uniqueness": "•"
}
