﻿{
	"name": "Baskol Yeesrim",
	"id": "baskolyeesrim",
	"side": "DS",
	"type": "Character",
	"subtype": "Republic",
	"card_set": "Coruscant",
	"image": "img/Coruscant-Dark/baskolyeesrim.gif",
	"lore": "Gran senator who is part of the Malastare delegation. Supported Aks Moes suggestion for a commission to be sent to Naboo.",
	"rarity": "U",
	"text": "Agenda: blockade. While in a senate majority, once during your control phase opponent loses 1 Force for each Naboo location you control.",
	"icons": "[Episode 1]",
	"destiny": "3",
	"power": "2",
	"ability": "3",
	"deploy": "3",
	"forfeit": "5",
	"uniqueness": "•",
	"politics": "2"
}
