﻿{
	"name": "Battle Plan",
	"id": "battleplan-shield",
	"side": "LS",
	"type": "Defensive Shield",
	"card_set": "Reflections III",
	"image": "img/ReflectionsIII-Light/battleplan.gif",
	"lore": "Even though the landing of the stolen shuttle was successful, the Rebel strike team on Endor was forced to rethink their plans when Leia disappeared.",
	"rarity": "PM",
	"text": "Plays on table. For either player to initiate a Force drain, that player must first use 3 Force unless that player occupies a battleground site and a battleground system.",
	"destiny": "0",
	"uniqueness": "•"
}
