﻿{
	"name": "Battle Plan & Draw Their Fire",
	"id": "battleplan&drawtheirfire",
	"side": "LS",
	"type": "Effect",
	"card_set": "Coruscant",
	"image": "img/Coruscant-Light/battleplan&drawtheirfire.gif",
	"rarity": "R",
	"text": "Deploy on table. You may initiate battles for free. During a battle you initiate, each time opponent plays an interrupt, opponent must first use 1 Force. For either player to initiate a Force drain, that player must first use 3 Force unless that player occupies a battleground site and a battleground system. (Immune to Alter.)",
	"destiny": "5",
	"uniqueness": "•"
}
