﻿{
	"name": "Battle Deployment",
	"id": "battledeployment",
	"side": "DS",
	"type": "Admiral's Order",
	"card_set": "Death Star II",
	"image": "img/DeathStarII-Dark/battledeployment.gif",
	"rarity": "R",
	"text": "At each system where any player does not have both a starfighter and a capital starship present that players starships there are power -2. At sites related to systems you occupy, during each battle opponent may draw no more than one battle destiny. Once during each of your deploy phases, you may deploy one combat vehicle from Reserve Deck; reshuffle.",
	"destiny": "6",
	"uniqueness": "•"
}
