﻿{
	"name": "Battle Order & First Strike",
	"id": "battleorder&firststrike",
	"side": "DS",
	"type": "Effect",
	"card_set": "Coruscant",
	"image": "img/Coruscant-Dark/battleorder&firststrike.gif",
	"rarity": "R",
	"text": "Deploy on table. You may initiate battles for free. During a battle you initiate, each time opponent plays an interrupt, opponent must first use 1 Force. For either player to initiate a Force drain, that player must first use 3 Force unless Battle Plan on table, or that player occupies a battleground system and a battleground site. (Immune to Alter.)",
	"destiny": "5",
	"uniqueness": "•"
}
