﻿{
	"name": "Battle Droid Blaster Rifle",
	"id": "battledroidblasterrifle",
	"side": "DS",
	"type": "Weapon",
	"subtype": "Character",
	"card_set": "Coruscant",
	"image": "img/Coruscant-Dark/battledroidblasterrifle.gif",
	"lore": "Two-handed blaster rifle manufactured in large quantities for Battle Droids. Excellent accuracy, as well as being able to clip onto a battle droids back for storage.",
	"rarity": "C",
	"text": "Deploy on your battle droid. May target a character or creature using 1 Force. Draw destiny. Target hit and is forfeit -4 if destiny +1 > defense value.",
	"icons": "[Episode 1]",
	"destiny": "6"
}
