﻿{
	"name": "Battle Order",
	"id": "battleorder",
	"side": "DS",
	"type": "Effect",
	"card_set": "Endor",
	"image": "img/Endor-Dark/battleorder.gif",
	"lore": "Administration of the Imperial installation on Endor includes coordination of troops on the ground and tight security provided by the Empires space fleet.",
	"rarity": "U",
	"text": "Deploy on table. You may initiate battles for free. Also (unless Battle Plan on table), for either player to initiate a Force drain, that player must first use 3 Force unless that player occupies a battleground site (except a holosite) and a battleground system. (Immune to Alter.)",
	"destiny": "5",
	"uniqueness": "•"
}
