﻿{
	"name": "Battle Order",
	"id": "battleorder-shield",
	"side": "DS",
	"type": "Defensive Shield",
	"card_set": "Reflections III",
	"image": "img/ReflectionsIII-Dark/battleorder.gif",
	"lore": "Administration of the Imperial installation on Endor includes coordination of troops on the ground and tight security provided by the Empires space fleet.",
	"rarity": "PM",
	"text": "Plays on table. Unless Battle Plan on table, for either player to initiate a Force drain, that player must first use 3 Force unless that player occupies a battleground site and a battleground system.",
	"destiny": "0",
	"uniqueness": "•"
}
