﻿{
	"name": "Battle Droid Squad",
	"id": "battledroidsquad",
	"side": "DS",
	"type": "Character",
	"subtype": "Droid",
	"card_set": "Virtual Block 7",
	"image": "img/Virtual7-Dark/battledroidsquad.gif",
	"lore": "In situations of confrontation, a command high on a battle droids priority queue is to neutralize any kind of armament an opponent has.",
	"rarity": "C",
	"text": "Lost if Droid Racks on table. While a Blockade Flagship site on table, draws two battle destiny if unable to otherwise.",
	"icons": "[Presence]  [Episode 1]",
	"destiny": "3",
	"power": "3",
	"deploy": "5",
	"forfeit": "4",
	"uniqueness": "•",
	"modelType": "Battle",
	"armor": "3"
}
