﻿{
	"name": "Battle Droid Pilot",
	"id": "battledroidpilot",
	"side": "DS",
	"type": "Character",
	"subtype": "Droid",
	"card_set": "Theed Palace",
	"image": "img/TheedPalace-Dark/battledroidpilot.gif",
	"lore": "Pilot battle droids require navigational programming not found in other types of battle droids. Therefore, even though they lack weaponry, their manufacturing cost is still the same.",
	"rarity": "C",
	"text": "Adds 2 to power of anything he pilots (3 while piloting a battleship). While piloting a battleship, draws one battle destiny if unable to otherwise.",
	"icons": "Pilot  [Presence]  [Episode 1]",
	"destiny": "3",
	"power": "0",
	"deploy": "2",
	"forfeit": "2",
	"modelType": "Battle",
	"armor": "2"
}
