﻿{
	"name": "Battle Plan",
	"id": "battleplan",
	"side": "LS",
	"type": "Effect",
	"card_set": "Endor",
	"image": "img/Endor-Light/battleplan.gif",
	"lore": "Even though the landing of the stolen shuttle was successful, the Rebel strike team on Endor was forced to rethink their plans when Leia disappeared.",
	"rarity": "U",
	"text": "Deploy on table. You may initiate battles for free. Also, for either player to initiate a Force drain, that player must first use 3 Force unless that player occupies a battleground site (except a holosite) and a battleground system. (Immune to Alter.)",
	"destiny": "5",
	"uniqueness": "•"
}
