﻿{
	"name": "Battle Droid Officer",
	"id": "battledroidofficer",
	"side": "DS",
	"type": "Character",
	"subtype": "Droid",
	"card_set": "Theed Palace",
	"image": "img/TheedPalace-Dark/battledroidofficer.gif",
	"lore": "Leader. Officer battle droids contain programming that permits them to adapt to unusual situations. Known to malfunction from time to time.",
	"rarity": "C",
	"text": "Your infantry battle droids deploy -1 to same site. While with another battle droid, adds 1 to your total battle destiny here. Your battle droids may move to this site for free.",
	"icons": "[Presence]  [Episode 1]",
	"destiny": "2",
	"power": "3",
	"deploy": "3",
	"forfeit": "3",
	"uniqueness": "•••",
	"modelType": "Battle",
	"armor": "4"
}
