﻿{
	"name": "Beast Rider",
	"id": "beastrider",
	"side": "LS",
	"type": "Character",
	"subtype": "Republic",
	"card_set": "Virtual Block 6",
	"image": "img/Virtual6-Light/beastrider.gif",
	"lore": "Female.",
	"rarity": "R",
	"text": "Landspeed = 2.  During battle, for each non-parasite creature here (even if excluded), power +2 (+4 if ferocious).  If an opponents card here is eaten, you may retrieve up to 4 Force.  Once per turn, may deploy Kaadu here from Reserve Deck; reshuffle.  Cannot be attacked.",
	"icons": "[Special Edition]  [Episode 1]",
	"destiny": "2",
	"power": "2",
	"ability": "4",
	"deploy": "3",
	"forfeit": "5",
	"uniqueness": "•••"
}
