﻿{
	"name": "Beedo",
	"id": "beedo",
	"side": "DS",
	"type": "Character",
	"subtype": "Alien",
	"card_set": "Jabba's Palace",
	"image": "img/JabbasPalace-Dark/beedo.gif",
	"lore": "Rodian bounty hunter. Relative of Greedo. Taking Greedos place in Jabbas court. Fearful of Jabbas wraith. Notorious sycophant.",
	"rarity": "R",
	"text": "* Replaces any male Rodian for free (Rodian goes to the Used Pile) or deploys for 3 Force. While at Audience Chamber, all your Rodians are power +2, and whenever Greedo threatens a smuggler, may add 2 to destiny draw.",
	"icons": "[Warrior]",
	"destiny": "3",
	"power": "2",
	"ability": "2",
	"deploy": "*",
	"forfeit": "2",
	"uniqueness": "•"
}
