﻿{
	"name": "Beggar",
	"id": "beggar",
	"side": "LS",
	"type": "Effect",
	"card_set": "Premiere",
	"image": "img/Premiere-Light/beggar.gif",
	"lore": "Many Mos Eisley citizens, once swindled and robbed, become destitute. Unable to afford off-planet passage, they live in the streets and do odd jobs or beg.",
	"rarity": "R1",
	"text": "Use 3 Force to deploy on any exterior Tatooine site (free at Beggars Canyon). You may use any amount of Force in the opponents Force Pile during your turns. However, if you use more than 1 of the opponents Force in a turn, Beggar is lost.",
	"destiny": "3",
	"uniqueness": "•"
}
