﻿{
	"name": "Begin Landing Your Troops",
	"id": "beginlandingyourtroops",
	"side": "DS",
	"type": "Effect",
	"card_set": "Coruscant",
	"image": "img/Coruscant-Dark/beginlandingyourtroops.gif",
	"lore": "Once begun, the occupation of Naboo was swift, and devastatingly effective.",
	"rarity": "U",
	"text": "Deploy on table. Your unique (•) Republicans are forfeit +2 and immune to Goo Nee Tay. Unless Imperial Arrest Order on table, once during your deploy phase, may deploy one docking bay from Reserve Deck; reshuffle. (Immune to Alter.)",
	"icons": "[Episode 1]",
	"destiny": "4",
	"uniqueness": "•"
}
