﻿{
	"name": "Begun, The Clone War Has",
	"id": "beguntheclonewarhas",
	"side": "LS",
	"type": "Effect",
	"card_set": "Virtual Block 9",
	"image": "img/Virtual9-Light/beguntheclonewarhas.gif",
	"lore": "Blank",
	"rarity": "R",
	"text": "If Republic At War on table, deploy on table. Foward Command Center gain one [Light Side Icon]. Your force generatation is +1 at each battleground you control with a [Clone Army] card. Your clones gain [Clone Army]. Once per turn may take a [Clone Army] mission into hand from Reserve Deck; reshuffle. (Immune to Alter)",
	"icons": "[Episode 1]",
	"destiny": "4",
	"uniqueness": "•"
}
