﻿{
	"name": "Beldon's Eye",
	"id": "beldonseye",
	"side": "LS",
	"type": "Effect",
	"card_set": "Cloud City",
	"image": "img/CloudCity-Light/beldonseye.gif",
	"lore": "Symbol for the Cloud City Miners Guild (not affiliated with the Galactic Miners Guild). Named after the beldons, giant creatures who generate Tibanna gas.",
	"rarity": "R",
	"text": "Deploy on Cloud City. Your Tibanna Gas Miners deploy free to Cloud City sites and double the Force they activate.",
	"destiny": "6",
	"uniqueness": "•"
}
