﻿{
	"name": "Beldon's Eye (V)",
	"id": "beldonseye-v",
	"side": "LS",
	"type": "Effect",
	"card_set": "Virtual Block 2",
	"image": "img/Virtual2-Light/beldonseye.gif",
	"lore": "Symbol for the Cloud City Miners Guild (not affiliated with the Galactic Miners Guild). Named after the beldons, giant creatures who generate Tibanna gas.",
	"rarity": "R",
	"text": "Deploy on table. Your [Independent Starship] starships are defense value +2 at Bespin locations. Once per game, if Quiet Mining Colony on table, may simultaneously deploy a unique (•) [Independent Starship] starfighter and matching pilot (for -1 Force each) from your hand and/or Reserve Deck; reshuffle. (Immune to Alter.)",
	"icons": "[Cloud City]",
	"destiny": "6",
	"uniqueness": "•"
}
