﻿{
	"name": "Ben Kenobi",
	"id": "benkenobi",
	"side": "LS",
	"type": "Character",
	"subtype": "Rebel",
	"card_set": "Special Edition",
	"image": "img/SpecialEdition-Light/benkenobi.gif",
	"lore": "Served Bail Organa during the Clone Wars. Saved Anakins lightsaber until he was able to give it to Luke. Hasnt gone by the name Obi-Wan for a long time.",
	"rarity": "R",
	"text": "Deploys only on Tatooine. When in a duel, adds 2 to your total. Once per turn, if a battle just ended, may revive (place here from Lost Pile) your character forfeited from same site this turn. Immune to attrition < 5.",
	"icons": "[Warrior]",
	"destiny": "1",
	"power": "5",
	"ability": "6",
	"deploy": "5",
	"forfeit": "9",
	"uniqueness": "•"
}
