﻿{
	"name": "Beru Stew (V)",
	"id": "berustew-v",
	"side": "LS",
	"type": "Interrupt",
	"subtype": "Used Or Lost",
	"card_set": "Virtual Block 1",
	"image": "img/Virtual1-Light/berustew.gif",
	"lore": "Moisture farmers grow enough food to sustain Tatooines population. Beru Lars has devised many dishes using herbs and roots naturally found in Tatooines desert.",
	"rarity": "U2",
	"text": "USED: Activate 1 Force (2 if a Lars on table). OR During battle at a farm, add the destiny number of your device on this farm to your total power.LOST: During battle at a farm, after battle destinies are drawn, place a crop out of play to make attrition against you = 0.",
	"destiny": "4",
	"uniqueness": "•"
}
