﻿{
	"name": "Beru Lars (V)",
	"id": "berulars-v",
	"side": "LS",
	"type": "Character",
	"subtype": "Rebel",
	"card_set": "Virtual Block 1",
	"image": "img/Virtual1-Light/berulars.gif",
	"lore": "Wife of Owen Lars and guardian of Luke Skywalker. Quietly lobbied Owen to allow Luke to attend Academy. Maintains Lars farm hydroponics labs.",
	"rarity": "U2",
	"text": "Once per turn, if present at a farm and a destiny was just drawn that is within 1 of the destiny of your crop, may use 1 Force to place crop in Used Pile. Whenever you play Beru Stew or Blue Milk, may draw top card from your Reserve Deck.",
	"destiny": "2",
	"power": "1",
	"ability": "1",
	"deploy": "1",
	"forfeit": "3",
	"uniqueness": "•"
}
