﻿{
	"name": "Beru Stew",
	"id": "berustew",
	"side": "LS",
	"type": "Interrupt",
	"subtype": "Lost",
	"card_set": "Premiere",
	"image": "img/Premiere-Light/berustew.gif",
	"lore": "Moisture farmers grow enough food to sustain Tatooines population. Beru Lars has devised many dishes using herbs and roots naturally found in Tatooines desert.",
	"rarity": "U2",
	"text": "Each player must immediately activate 2 Force. Also, you may activate 1 additional Force for each Beru Lars, Owen Lars or Hydroponics Station on table.",
	"destiny": "4",
	"uniqueness": "•"
}
