﻿{
	"name": "Beru Lars",
	"id": "berulars",
	"side": "LS",
	"type": "Character",
	"subtype": "Rebel",
	"card_set": "Premiere",
	"image": "img/Premiere-Light/berulars.gif",
	"lore": "Wife of Owen Lars and guardian of Luke Skywalker. Quietly lobbied Owen to allow Luke to attend Academy. Maintains Lars farm hydroponics labs.",
	"rarity": "U2",
	"text": "Forfeit +2 when at same site as Owen Lars or a Hydroponics Station. If lost from table during opponents turn, Luke is power +3 until the end of your next turn.",
	"destiny": "2",
	"power": "1",
	"ability": "1",
	"deploy": "1",
	"forfeit": "3",
	"uniqueness": "•"
}
