﻿{
	"name": "Besieged (V)",
	"id": "besieged-v",
	"side": "DS",
	"type": "Effect",
	"card_set": "Virtual Block 1",
	"image": "img/Virtual1-Dark/besieged.gif",
	"lore": "Stormtroopers blasted through the main airlock of the Tantive IV. The Rebel soldiers attempt to defend the intrusion was no match for the Empires superior firepower.",
	"rarity": "R2",
	"text": "Deploy on table. If opponent just forfeited a character or unpiloted starship at same system or sector as your Imperial capital starship, you may draw destiny. Character or starship is captured if destiny > its destiny number. (Immune to Alter.)",
	"icons": "[A New Hope]",
	"destiny": "5"
}
