﻿{
	"name": "Besieged",
	"id": "besieged",
	"side": "DS",
	"type": "Effect",
	"card_set": "A New Hope",
	"image": "img/ANewHope-Dark/besieged.gif",
	"lore": "Stormtroopers blasted through the main airlock of the Tantive IV. The Rebel soldiers attempt to defend the intrusion was no match for the Empires superior firepower.",
	"rarity": "R2",
	"text": "Deploy on a captured starship. Your characters present with captured starship may battle opponents characters aboard it (as if present together at a site). Effect canceled if starship escapes or is stolen.",
	"destiny": "5"
}
