﻿{
	"name": "Bespin Motors Void Spider THX 1138",
	"id": "bespinmotorsvoidspiderthx1138",
	"side": "DS",
	"type": "Vehicle",
	"subtype": "Shuttle",
	"card_set": "A New Hope",
	"image": "img/ANewHope-Dark/bespinmotorsvoidspiderthx1138.gif",
	"lore": "This light, enclosed shuttle is used for courier runs to large orbiting transports.",
	"rarity": "C2",
	"text": "May add 3 passengers.  Permanent pilot provides ability of 1. May move as a react.  *Landspeed = 3.  OR  Up to 3 characters may shuttle to or from same site for free.",
	"icons": "Pilot",
	"destiny": "2",
	"power": "1",
	"deploy": "2",
	"forfeit": "4",
	"maneuver": "4",
	"landspeed": "*"
}
