﻿{
	"name": "Bespin",
	"id": "bespin_(ls)",
	"side": "LS",
	"type": "Location",
	"subtype": "System",
	"card_set": "Cloud City",
	"image": "img/CloudCity-Light/bespin.gif",
	"rarity": "U",
	"icons": "[Planet]",
	"destiny": "0",
	"parsec": "6",
	"uniqueness": "•",
	"forceIconsD": "1",
	"forceIconsL": "2",
	"locationDStext": "If you control, your characters and vehicles deploy -1 to Cloud City locations.",
	"locationLStext": "If you control, opponent's characters and vehicles deploy +1 to Cloud City locations"
}
