﻿{
	"name": "Bespin: Cloud City",
	"id": "bespincloudcity_(ls)",
	"side": "LS",
	"type": "Location",
	"subtype": "Sector",
	"card_set": "Cloud City",
	"image": "img/CloudCity-Light/bespincloudcity.gif",
	"rarity": "U",
	"icons": "[Planet]",
	"destiny": "0",
	"uniqueness": "•",
	"forceIconsD": "1",
	"forceIconsL": "2",
	"locationDStext": "If you control, for each of your starships or vehicles here, your total power is +1 in battles at Cloud City sites.",
	"locationLStext": "If you control, for each of your starships or vehicles here, your total power is +1 in battles at Cloud City sites."
}
