﻿{
	"name": "Bespin (V)",
	"id": "bespin-v",
	"side": "DS",
	"type": "Location",
	"subtype": "System",
	"card_set": "Virtual Block 8",
	"image": "img/Virtual8-Dark/bespin.gif",
	"rarity": "U",
	"icons": "[Planet]",
	"destiny": "0",
	"parsec": "6",
	"uniqueness": "•",
	"forceIconsD": "2",
	"forceIconsL": "1",
	"locationDStext": "Once per game, may deploy Executor here from reserve deck; reshuffle. While I'm Sorry on table (and A Sith's Plans is not), Executor is deploy = 8.",
	"locationLStext": "May not be converted. Immune to Revolution. If you control, your characters deploy -1 to related locations."
}
