﻿{
	"name": "BG-J38 (V)",
	"id": "bgj38-v",
	"side": "LS",
	"type": "Character",
	"subtype": "Droid",
	"card_set": "Virtual Block 3",
	"image": "img/Virtual3-Light/bgj38.gif",
	"lore": "Roche J9 worker drone. Undefeated hologame player. Kept by Jabba as a source of entertainment. Hoping for escape or termination.",
	"rarity": "R",
	"text": "Your dejariks are destiny +2. Grimtaash is immune to Sense. Once per turn, may take Grimtaash into hand from Reserve Deck; reshuffle.",
	"icons": "[Jabba's Palace]",
	"destiny": "4",
	"power": "1",
	"deploy": "2",
	"forfeit": "3",
	"uniqueness": "•",
	"modelType": "Maintenance"
}
