﻿{
	"name": "BG-J38",
	"id": "bgj38",
	"side": "LS",
	"type": "Character",
	"subtype": "Droid",
	"card_set": "Jabba's Palace",
	"image": "img/JabbasPalace-Light/bgj38.gif",
	"lore": "Roche J9 worker drone. Undefeated hologame player. Kept by Jabba as a source of entertainment. Hoping for escape or termination.",
	"rarity": "R",
	"text": "May add 2 to the destiny of each of your holograms and dejariks drawn for battle destiny or weapon destiny. While at a site you control, adds 1 to power of each of your dejariks and holograms at a holosite.",
	"destiny": "4",
	"power": "1",
	"deploy": "2",
	"forfeit": "2",
	"uniqueness": "•",
	"modelType": "Maintenance"
}
