﻿{
	"name": "Bib Fortuna (V)",
	"id": "bibfortuna-v",
	"side": "DS",
	"type": "Character",
	"subtype": "Alien",
	"card_set": "Virtual Block 3",
	"image": "img/Virtual3-Dark/bibfortuna.gif",
	"lore": "Twilek leader and majordomo of Jabbas palace. Succeeded Jabbas last majordomo, Naroon Cuthus. Plotting to kill Jabba.",
	"rarity": "R",
	"text": "Opponents non-Jedi characters are deploy +1 to [Jabbas Palace] sites. Once during your control phase, you may place three cards from hand in Used Pile to reveal top card of Reserve Deck; if it is an alien, take it into hand.(Original concept by Steven Lewis - Yavin 4 Regionals 2006)",
	"icons": "[Jabba's Palace]",
	"destiny": "1",
	"power": "3",
	"ability": "1",
	"deploy": "3",
	"forfeit": "4",
	"uniqueness": "•"
}
