﻿{
	"name": "Bib Fortuna",
	"id": "bibfortuna_(reflections iii)",
	"side": "DS",
	"type": "Character",
	"subtype": "Alien",
	"card_set": "Reflections III",
	"image": "img/ReflectionsIII-Dark/bibfortuna.gif",
	"lore": "Twilek who serves as Jabbas major-domo. First to discover the profitability of ryll spice found on Ryloth.",
	"rarity": "PM",
	"text": "While with Jabba, power +3 and, during your draw phase, may use 1 Force to count the number of cards in your Force Pile, place your Force Pile in your Used Pile, and then activate Force up to the counted number.",
	"icons": "[Episode 1]",
	"destiny": "3",
	"power": "3",
	"ability": "1",
	"deploy": "2",
	"forfeit": "3",
	"uniqueness": "•"
}
