﻿{
	"name": "Bib Fortuna",
	"id": "bibfortuna_(jabba's palace)",
	"side": "DS",
	"type": "Character",
	"subtype": "Alien",
	"card_set": "Jabba's Palace",
	"image": "img/JabbasPalace-Dark/bibfortuna.gif",
	"lore": "Twilek leader and majordomo of Jabbas palace. Succeeded Jabbas last majordomo, Naroon Cuthus. Plotting to kill Jabba.",
	"rarity": "R",
	"text": "Deploys only on Tatooine. Opponents characters of ability < 4 may not move from same site as Bib to a Jabbas Palace site. When at a Jabbas Palace site, each of you Gamorreans and Niktos may deploy as a react to any Jabbas Palace site.",
	"destiny": "1",
	"power": "3",
	"ability": "1",
	"deploy": "3",
	"forfeit": "4",
	"uniqueness": "•"
}
