﻿{
	"name": "Big Boomers!",
	"id": "bigboomers",
	"side": "LS",
	"type": "Interrupt",
	"subtype": "Used",
	"card_set": "Theed Palace",
	"image": "img/TheedPalace-Light/bigboomers.gif",
	"lore": "Gungan weaponry can be quite sophisticated. Sometimes its users are not.",
	"rarity": "C",
	"text": "If there is more than 1 card in opponents Force Pile, opponent must use 1 Force. OR Take a Fambaa or Booma into hand from Reserve Deck; reshuffle. OR If you just drew weapon destiny for your Booma, cancel that destiny to cause a re-draw.",
	"icons": "[Episode 1]",
	"destiny": "4",
	"uniqueness": "•"
}
