﻿{
	"name": "Biggs, Rogue Legend",
	"id": "biggsroguelegend",
	"side": "LS",
	"type": "Character",
	"subtype": "Rebel",
	"card_set": "Virtual Block 7",
	"image": "img/Virtual7-Light/biggsroguelegend.gif",
	"lore": "Piloted Red 3 at Battle of Yavin. Childhood friend of Luke. Led mutiny on Rand Ecliptic and theft of Ecliptic from shipyards at Bestine. Ecliptic Evaders emblem on helmet.",
	"rarity": "R2",
	"text": "Adds 2 to power of anything he pilots, 3 on Red 3.  While piloting Red 3, it is maneuver +1 and he draws one battle destiny if not able to otherwise.  If at opponents system, instead of Force draining here, may take any card into hand from Force Pile; reshuffle.",
	"icons": "Pilot  [Warrior]",
	"destiny": "2",
	"power": "2",
	"ability": "2",
	"deploy": "2",
	"forfeit": "5",
	"uniqueness": "•"
}
