﻿{
	"name": "Biggs Darklighter",
	"id": "biggsdarklighter",
	"side": "LS",
	"type": "Character",
	"subtype": "Rebel",
	"card_set": "Premiere",
	"image": "img/Premiere-Light/biggsdarklighter.gif",
	"lore": "Piloted Red 3 at Battle of Yavin. Childhood friend of Luke. Led mutiny on Rand Ecliptic and theft of Ecliptic from shipyards on Bestine. Ecliptic Evaders emblem on helmet.",
	"rarity": "R2",
	"text": "Adds 2 to power of anything he pilots. When piloting Red 3, also adds 1 to maneuver and draws one battle destiny if not able to otherwise.",
	"icons": "Pilot  [Warrior]",
	"destiny": "2",
	"power": "2",
	"ability": "2",
	"deploy": "2",
	"forfeit": "5",
	"uniqueness": "•"
}
