﻿{
	"name": "Biggs Darklighter (V)",
	"id": "biggsdarklighter-v",
	"side": "LS",
	"type": "Character",
	"subtype": "Rebel",
	"card_set": "Virtual Block 1",
	"image": "img/Virtual1-Light/biggsdarklighter.gif",
	"lore": "Piloted Red 3 at Battle of Yavin. Childhood friend of Luke. Led mutiny on Rand Ecliptic and theft of Ecliptic from shipyards on Bestine. Ecliptic Evaders emblem on helmet.",
	"rarity": "R2",
	"text": "Adds 2 to power of anything he pilots. Deploys free to Beggars Canyon, Red 3, or same location as Fel or Hobbie. While piloting Red 3, it has an [Nav Computer] aboard. During your control phase, may take one Old Times into hand from Reserve Deck; reshuffle.",
	"icons": "Pilot  [Warrior]",
	"destiny": "2",
	"power": "2",
	"ability": "2",
	"deploy": "2",
	"forfeit": "5",
	"uniqueness": "•"
}
