﻿{
	"name": "Big One: Asteroid Cave Or Space Slug Belly",
	"id": "bigoneasteroidcaveorspaceslugbelly_(ds)",
	"side": "DS",
	"type": "Location",
	"subtype": "Site",
	"card_set": "Dagobah",
	"image": "img/Dagobah-Dark/bigoneasteroidcaveorspaceslugbelly.gif",
	"rarity": "U",
	"icons": "[Interior]  [Exterior]  [Cave]  [Planet]",
	"destiny": "0",
	"uniqueness": "<>",
	"forceIconsD": "1",
	"forceIconsL": "1",
	"locationDStext": "'Cave Rules' in effect here. If you control, may cancel Force drains at system related to Big One.",
	"locationLStext": "'Cave Rules' in effect here."
}
