﻿{
	"name": "Big One",
	"id": "bigone_(ls)",
	"side": "LS",
	"type": "Location",
	"subtype": "Sector",
	"card_set": "Dagobah",
	"image": "img/Dagobah-Light/bigone.gif",
	"rarity": "U",
	"icons": "[Space]",
	"destiny": "0",
	"uniqueness": "<>",
	"forceIconsD": "0",
	"forceIconsL": "1",
	"locationDStext": "'Asteroid Rules' in effect here. If you control, Force drain +1 here.",
	"locationLStext": "'Asteroid Rules' in effect here. If you control, Force drain +1 here for each Asteroid Field at same system."
}
