﻿{
	"name": "Biker Scout Trooper",
	"id": "bikerscouttrooper",
	"side": "DS",
	"type": "Character",
	"subtype": "Imperial",
	"card_set": "Endor",
	"image": "img/Endor-Dark/bikerscouttrooper.gif",
	"lore": "Scout troopers, or biker scouts as they are commonly called, are stormtrooper specialists. Given wide latitude to operate independently of Imperial control.",
	"rarity": "C",
	"text": "Adds 3 to power of any speeder bike he pilots. Power -1 while not at a forest, jungle or Endor site. Forfeit +2 aboard a speeder bike. Once during each of your deploy phases, may deploy a speeder bike to same site from Reserve Deck; reshuffle.",
	"icons": "Pilot  [Warrior]",
	"destiny": "3",
	"power": "1",
	"ability": "1",
	"deploy": "1",
	"forfeit": "2"
}
