﻿{
	"name": "Binders",
	"id": "binders",
	"side": "DS",
	"type": "Device",
	"card_set": "Cloud City",
	"image": "img/CloudCity-Dark/binders.gif",
	"lore": "Because standard binders are durable but not easily adaptable, bounty hunters often carry special binders which automatically tighten around a captives appendages.",
	"rarity": "C",
	"text": "Deploy on one of your warriors or bounty hunters. May now escort any number of captives. If device removed from your character, select one captive escorted by that character to remain and release all others.",
	"destiny": "6"
}
