﻿{
	"name": "Black Squadron TIE",
	"id": "blacksquadrontie",
	"side": "DS",
	"type": "Starship",
	"subtype": "Starfighter",
	"card_set": "Official Tournament Sealed Deck",
	"image": "img/OfficialTournamentSealedDeck-Dark/blacksquadrontie.gif",
	"lore": "Part of Vaders hand-picked squadron stationed at the Death Star. Boasts the latest in Imperial weaponry. Each pilot and starfighter is at the peak of readiness.",
	"rarity": "PM",
	"text": "Deploy -2 to Death Star or same location as Vader. Permanent pilot aboard provides ability of 2 and adds 2 to power. Adds 1 to its weapon destiny draws.",
	"icons": "Pilot",
	"destiny": "2",
	"power": "1",
	"deploy": "4",
	"forfeit": "4",
	"maneuver": "3",
	"uniqueness": "•••",
	"modelType": "TIE/LN"
}
