﻿{
	"name": "Black 2 (V)",
	"id": "black2-v",
	"side": "DS",
	"type": "Starship",
	"subtype": "Starfighter",
	"card_set": "Virtual Block 1",
	"image": "img/Virtual1-Dark/black2.gif",
	"lore": "TIE/ln assigned to pilot DS-61-2. Has 27 flames on cockpit, one for each Rebel kill. Control yoke has a holo of Mithels young son, Rejili.",
	"rarity": "R1",
	"text": "May add 1 pilot. During your deploy phase, may take one Pride Of The Empire into hand from Reserve Deck; reshuffle. All Wings Report In and Organized Attack are canceled. While DS-61-2 piloting, immune to attrition < 5.",
	"destiny": "2",
	"power": "1",
	"deploy": "1",
	"forfeit": "3",
	"maneuver": "4",
	"uniqueness": "•",
	"modelType": "TIE/LN"
}
