﻿{
	"name": "Black Sun Fleet",
	"id": "blacksunfleet",
	"side": "DS",
	"type": "Admiral's Order",
	"card_set": "Reflections II",
	"image": "img/ReflectionsII-Dark/blacksunfleet.gif",
	"rarity": "PM",
	"text": "Any [Independent] starship with an alien pilot character aboard is immune to attrition < 4. At any site related to a system you occupy, your Black Sun agents are also information brokers. Information Exchange is immune to Alter. You may not retrieve Force for initiating a battle. During your control Phase, one of your [Independent] starships may make a regular move.",
	"destiny": "6",
	"uniqueness": "•"
}
