﻿{
	"name": "Black 5",
	"id": "black5",
	"side": "DS",
	"type": "Starship",
	"subtype": "Starfighter",
	"card_set": "Virtual Block 7",
	"image": "img/Virtual7-Dark/black5.gif",
	"lore": "-",
	"rarity": "C",
	"text": "May add DS-61-5 as pilot.  During battle, if about to be lost before the damage segment, is instead hit.  If targeted by Watch Your Back!, it is a Used Interrupt.  Immune to Dont Get Cocky and attrition < 4.",
	"icons": "[Special Edition]",
	"destiny": "3",
	"power": "2",
	"deploy": "2",
	"forfeit": "5",
	"maneuver": "4",
	"uniqueness": "•",
	"modelType": "TIE/LN"
}
