﻿{
	"name": "Black 4",
	"id": "black4",
	"side": "DS",
	"type": "Starship",
	"subtype": "Starfighter",
	"card_set": "A New Hope",
	"image": "img/ANewHope-Dark/black4.gif",
	"lore": "TIE fighter flown by DS-61-4 at the Battle of Yavin. Scored a hit on Red 5 during the confrontation.",
	"rarity": "U2",
	"text": "May add 1 pilot. May deploy with a pilot as a react to a battle initiated against a TIE (for free if TIE is Black 2 or 3).",
	"destiny": "2",
	"power": "2",
	"deploy": "2",
	"forfeit": "3",
	"maneuver": "3",
	"uniqueness": "•",
	"modelType": "TIE/LN"
}
