﻿{
	"name": "Black 11",
	"id": "black11",
	"side": "DS",
	"type": "Starship",
	"subtype": "Starfighter",
	"card_set": "Death Star II",
	"image": "img/DeathStarII-Dark/black11.gif",
	"lore": "Stationed aboard command ship Executor. Pilot known as Wampa for icy precision in battle. Often serves as escort to Lord Vaders shuttle.",
	"rarity": "R",
	"text": "Deploy -1 to any mobile system. Permanent pilot provides ability of 2. When with Vader in battle, may draw destiny and subtract that amount from opponents total power.",
	"icons": "Pilot",
	"destiny": "2",
	"power": "1",
	"deploy": "2",
	"forfeit": "3",
	"maneuver": "3",
	"uniqueness": "•",
	"modelType": "TIE/LN"
}
