﻿{
	"name": "Black Market Blaster",
	"id": "blackmarketblaster",
	"side": "LS",
	"type": "Weapon",
	"subtype": "Character",
	"card_set": "Virtual Block 8",
	"image": "img/Virtual8-Light/blackmarketblaster.gif",
	"lore": "llegal weapon easily purchased by Rebel suppliers on the black market. Rechargeable energy packs make it a cost-effective weapon.",
	"rarity": "F",
	"text": "Deploy on Kyle Katarn or your smuggler. May target a character or creature for free. Draw destiny. Target hit, and may not be used to satisfy attrition, if destiny +2 > defense value. If fired by Kyle Katarn, his immunity to attrition is +1 for remainder of turn.",
	"destiny": "4",
	"uniqueness": "•"
}
