﻿{
	"name": "Black 3 (V)",
	"id": "black3-v",
	"side": "DS",
	"type": "Starship",
	"subtype": "Starfighter",
	"card_set": "Virtual Block 1",
	"image": "img/Virtual1-Dark/black3.gif",
	"lore": "TIE/ln fighter of pilot DS-61-3. Stylized image of Corellian slice-hound painted on inner hatch.",
	"rarity": "U1",
	"text": "Heroic. May add 1 pilot. When this starship is targeted by Tallon Roll, Rebel in its game text may be treated as [Independent Starship] or [Republic]. While DS-61-3 piloting, immune to attrition < 5.",
	"destiny": "3",
	"power": "1",
	"deploy": "1",
	"forfeit": "3",
	"maneuver": "3",
	"uniqueness": "•",
	"modelType": "TIE/LN"
}
