﻿{
	"name": "Black 1",
	"id": "black1",
	"side": "DS",
	"type": "Starship",
	"subtype": "Starfighter",
	"card_set": "Virtual Block 6",
	"image": "img/Virtual6-Dark/black1.gif",
	"lore": "TIE advanced x1 fighter boasting improved power plant, stronger shields, armored hull and enhanced weapons. Deployed to elite Imperial Navy pilots.",
	"rarity": "U2",
	"text": "May add Juno Eclipse as pilot. TIEs are immune to Dont Get Cocky. Once per turn, may use 1 Force to take a Black Squadron TIE into hand from Reserve Deck; reshuffle. Draws one battle destiny if not able to otherwise. Immune to attrition < 5.",
	"icons": "[Nav Computer]  [Scomp Link]",
	"destiny": "2",
	"power": "2",
	"deploy": "2",
	"forfeit": "5",
	"hyperspeed": "3",
	"maneuver": "5",
	"uniqueness": "•",
	"modelType": "TIE Advanced x1"
}
