﻿{
	"name": "Black 2",
	"id": "black2",
	"side": "DS",
	"type": "Starship",
	"subtype": "Starfighter",
	"card_set": "Premiere",
	"image": "img/Premiere-Dark/black2.gif",
	"lore": "TIE/ln assigned to pilot DS-61-2. Has 27 flames on cockpit, one for each Rebel kill. Control yoke has a holo of Mithels young son, Rejili.",
	"rarity": "R1",
	"text": "May add 1 pilot.",
	"destiny": "2",
	"power": "1",
	"deploy": "1",
	"forfeit": "3",
	"maneuver": "4",
	"uniqueness": "•",
	"modelType": "TIE/LN"
}
