﻿{
	"name": "Blast Door Controls",
	"id": "blastdoorcontrols",
	"side": "DS",
	"type": "Effect",
	"card_set": "Premiere",
	"image": "img/Premiere-Dark/blastdoorcontrols.gif",
	"lore": "Panels control blast doors and key security lock-downs during alerts. Luke destroyed one, locking Imperial forces out of Hangar Bay 327.",
	"rarity": "U2",
	"text": "Deploy on your side of table. Cancels: Into The Garbage Chute, Flyboy; Narrow Escape; Blast The Door, Kid!; and Rebel Barrier.",
	"destiny": "5",
	"uniqueness": "•"
}
