﻿{
	"name": "Blasted Droid",
	"id": "blasteddroid",
	"side": "DS",
	"type": "Interrupt",
	"subtype": "Used",
	"card_set": "Cloud City",
	"image": "img/CloudCity-Dark/blasteddroid.gif",
	"lore": "Oh my! Oh, uh, Im, Im terribly sorry. I. . . I didnt mean to intrude. No, no, no, please dont get up. No!",
	"rarity": "C",
	"text": "During your control phase, fire (for free) one of your blasters carried by a trooper or one of your automated weapons. Any hit targets are immediately lost.",
	"destiny": "3",
	"uniqueness": "•"
}
