﻿{
	"name": "Blast The Door, Kid!",
	"id": "blastthedoorkid",
	"side": "LS",
	"type": "Interrupt",
	"subtype": "Lost",
	"card_set": "A New Hope",
	"image": "img/ANewHope-Light/blastthedoorkid.gif",
	"lore": "When Vader turned his attention to the escaping Rebels, Han immediately offered Luke some sage advice.",
	"rarity": "C2",
	"text": "If a battle was just initiated at an interior site, use 1 Force to exclude from that battle all characters of ability > 2 and all leaders (on both sides).",
	"destiny": "4"
}
