﻿{
	"name": "Blaster Rack",
	"id": "blasterrack",
	"side": "DS",
	"type": "Effect",
	"card_set": "Premiere",
	"image": "img/Premiere-Dark/blasterrack.gif",
	"lore": "Imperial facilities like the Death Star and garrison bases have blaster racks at key locations to equip soldiers with weapons like blaster rifles and thermal detonators.",
	"rarity": "U1",
	"text": "Deploy on your side of table. At any time, you may transfer one of your character weapons from any site to the Blaster Rack. During your deploy phase, weapon may be transferred to your character on table for an expenditure of Force equal to the weapons deploy cost.",
	"destiny": "3"
}
