﻿{
	"name": "Blast Points",
	"id": "blastpoints",
	"side": "DS",
	"type": "Interrupt",
	"subtype": "Used",
	"card_set": "Special Edition",
	"image": "img/SpecialEdition-Dark/blastpoints.gif",
	"lore": "Only Imperial stormtroopers are so precise.",
	"rarity": "C",
	"text": "If your trooper just fired a character weapon during a battle, add one battle destiny. OR During your deploy phase, deploy on your trooper one character weapon from Reserve Deck; reshuffle.",
	"destiny": "5",
	"uniqueness": "•"
}
