﻿{
	"name": "Blaster Rack (V)",
	"id": "blasterrack-v",
	"side": "DS",
	"type": "Effect",
	"card_set": "Virtual Block 1",
	"image": "img/Virtual1-Dark/blasterrack.gif",
	"lore": "Imperial facilities like the Death Star and garrison bases have blaster racks at key locations to equip soldiers with weapons like blaster rifles and thermal detonators.",
	"rarity": "U1",
	"text": "Deploy on table. During your deploy phase, if you just deployed a unique (•) character, may deploy a matching weapon on that character from Reserve Deck; reshuffle. (Immune to Alter.)",
	"destiny": "3"
}
