﻿{
	"name": "Blaster Rifle (V)",
	"id": "blasterrifle_(ls)-v",
	"side": "LS",
	"type": "Weapon",
	"subtype": "Character",
	"card_set": "Virtual Block 9",
	"image": "img/Virtual9-Light/blasterrifle.gif",
	"lore": "BlasTech E-11 blaster rifle. Standard issue for Imperial forces. So numerous that many have been stolen by Rebels. Extendable stock. Carries energy for 100 shots.",
	"rarity": "C1",
	"text": "Deploy on your Republic warrior; warrior is power +1. May target a character, creature, or vehicle for free. Draw destiny; add 1 if targeting a character, 2 if a vehicle. Target hit, and may not be used to satisfy attrition, if total destiny > defense value.",
	"icons": "[Episode 1]",
	"destiny": "3"
}
