﻿{
	"name": "Blaster Deflection",
	"id": "blasterdeflection",
	"side": "LS",
	"type": "Interrupt",
	"subtype": "Used Or Lost",
	"card_set": "Jabba's Palace",
	"image": "img/JabbasPalace-Light/blasterdeflection.gif",
	"lore": "A Jedi can anticipate the actions of his opponent and let the Force control his actions, causing him to effortlessly deflect an opponents attacks.",
	"rarity": "R",
	"text": "USED: Cancel an attempt to use a character weapon to target your character of ability > 4.LOST: If your character of ability > 4 with a lightsaber was just targeted by a blaster, use 3 Force to re-target that blaster to an opponents character present.",
	"destiny": "4",
	"uniqueness": "•"
}
