﻿{
	"name": "Blaster Rifle (V)",
	"id": "blasterrifle_(ds)-v",
	"side": "DS",
	"type": "Weapon",
	"subtype": "Character",
	"card_set": "Virtual Block 6",
	"image": "img/Virtual6-Dark/blasterrifle.gif",
	"lore": "Stormtrooper BlasTech E-11 blaster rifle. Can convert from a pistol to a rifle configuration by using extendable stock. Carries 100 shots. Military issue only.",
	"rarity": "C2",
	"text": "Deploy on your Imperial warrior; warrior is power +1. May target a character, creature, or vehicle for free. Draw destiny; add 1 if targeting a character, 2 if a vehicle. Target hit, and may not be used to satisfy attrition, if total destiny > defense value.",
	"destiny": "3"
}
