﻿{
	"name": "Blaster",
	"id": "blaster",
	"side": "LS",
	"type": "Weapon",
	"subtype": "Character",
	"card_set": "Premiere",
	"image": "img/Premiere-Light/blaster.gif",
	"lore": "A Merr-Sonn Model 44 blaster pistol. Uses power packs and highenergy blaster gases to shoot bolts of explosive coherent light energy.",
	"rarity": "C2",
	"text": "Use 1 Force to deploy on your warrior. May target a character, creature or vehicle using 1 Force. Draw destiny. Target hit if destiny > defense value.",
	"destiny": "3"
}
