﻿{
	"name": "Blasted Varmints",
	"id": "blastedvarmints",
	"side": "LS",
	"type": "Interrupt",
	"subtype": "Used",
	"card_set": "Dagobah",
	"image": "img/Dagobah-Light/blastedvarmints.gif",
	"lore": "I just got this bucket back together. Im not gonna let something tear it apart.",
	"rarity": "C",
	"text": "Use 1 Force to cause all Mynocks or Vine Snakes to detach from one starfighter or character. OR Cause one Mynock attached to any starfighter to be lost. OR After creature has selected a target character, cancel that selection and select again.",
	"destiny": "5",
	"uniqueness": "•"
}
