﻿{
	"name": "Blaster Rifle",
	"id": "blasterrifle_(ds)",
	"side": "DS",
	"type": "Weapon",
	"subtype": "Character",
	"card_set": "Premiere",
	"image": "img/Premiere-Dark/blasterrifle.gif",
	"lore": "Stormtrooper BlasTech E-11 blaster rifle. Can convert from a pistol to a rifle configuration by using extendable stock. Carries 100 shots. Military issue only.",
	"rarity": "C2",
	"text": "Use 2 Force to deploy on your warrior. May target a character, creature or vehicle using 2 Force. Draw destiny. Target hit if destiny +1 > defense value.",
	"destiny": "3"
}
