﻿{
	"name": "Blaster Proficiency",
	"id": "blasterproficiency",
	"side": "LS",
	"type": "Interrupt",
	"subtype": "Used Or Lost",
	"card_set": "Cloud City",
	"image": "img/CloudCity-Light/blasterproficiency.gif",
	"lore": "Some people think that hokey religions and ancient weapons are no match for a good blaster at your side.",
	"rarity": "C",
	"text": "USED: If you just targeted with a blaster, add 3 to your weapon destiny.LOST: Lose 1 Force to cause one opponents character just hit to be immediately placed in Lost Pile. OR Cancel Levitation Attack.",
	"destiny": "2",
	"uniqueness": "•"
}
