﻿{
	"name": "Blizzard 2",
	"id": "blizzard2",
	"side": "DS",
	"type": "Vehicle",
	"subtype": "Combat",
	"card_set": "Hoth",
	"image": "img/Hoth-Dark/blizzard2.gif",
	"lore": "AT-AT commanded by the treacherous General Nevar before he was assassinated. Fortified with an extra layer of armor by the paranoid general. Enclosed.",
	"rarity": "R2",
	"text": "May add 1 pilot and 8 passengers. Immune to attrition < 4. Permanent pilot aboard provides ability of 2. Landspeed may not be increased.",
	"icons": "Pilot  [Scomp Link]",
	"destiny": "2",
	"power": "6",
	"deploy": "6",
	"forfeit": "6",
	"uniqueness": "•",
	"modelType": "AT-AT",
	"armor": "8",
	"landspeed": "1"
}
