﻿{
	"name": "Blizzard 4",
	"id": "blizzard4",
	"side": "DS",
	"type": "Vehicle",
	"subtype": "Combat",
	"card_set": "Reflections III",
	"image": "img/ReflectionsIII-Dark/blizzard4.gif",
	"lore": "Staffed by an experienced crew. Blizzard 4s role in all engagements is to seek out new terrain uncovered by the initial offense thrust and unload troops to hold it. Enclosed.",
	"rarity": "PM",
	"text": "May add 6 passengers. Permanent pilots provide ability of 4. When deployed, you may deploy (for free) an Imperial warrior aboard from your Reserve Deck; reshuffle. End of your turn: Use 1 Force to maintain OR Place out of play.",
	"icons": "Pilot x2  [Scomp Link]",
	"destiny": "4",
	"power": "8",
	"deploy": "5",
	"forfeit": "5",
	"uniqueness": "•",
	"modelType": "AT-AT",
	"armor": "4",
	"landspeed": "1"
}
