﻿{
	"name": "Blizzard 1 (V)",
	"id": "blizzard1-v",
	"side": "DS",
	"type": "Vehicle",
	"subtype": "Combat",
	"card_set": "Virtual Block 2",
	"image": "img/Virtual2-Dark/blizzard1.gif",
	"lore": "General Veers AT-AT. Enclosed. Equipped with highly sophisticated communications gear. Employs an experimental targeting system.",
	"rarity": "R1",
	"text": "May add 2 pilots and 8 passengers. During the power segment of a battle here, may lose X cards from hand to cause +X attrition against opponent. Immune to attrition < 4.",
	"icons": "[Scomp Link]  [Hoth]",
	"destiny": "2",
	"power": "7",
	"deploy": "5",
	"forfeit": "7",
	"uniqueness": "•",
	"modelType": "AT-AT",
	"armor": "7",
	"landspeed": "1"
}
