﻿{
	"name": "Blizzard Scout 1",
	"id": "blizzardscout1",
	"side": "DS",
	"type": "Vehicle",
	"subtype": "Combat",
	"card_set": "Hoth",
	"image": "img/Hoth-Dark/blizzardscout1.gif",
	"lore": "Enclosed All Terrain Scout Transport (AT-ST). Provides flanking support to the AT-ATs of Blizzard Force. Modified for cold weather combat.",
	"rarity": "R1",
	"text": "May add 1 pilot or passenger. May move as a react. Power +1 at any Hoth site. Permanent pilot provides ability of 1.",
	"icons": "Pilot  [Scomp Link]",
	"destiny": "4",
	"power": "3",
	"deploy": "3",
	"forfeit": "5",
	"uniqueness": "•",
	"modelType": "AT-ST",
	"armor": "4",
	"landspeed": "3"
}
