﻿{
	"name": "Blizzard 2 (V)",
	"id": "blizzard2-v",
	"side": "DS",
	"type": "Vehicle",
	"subtype": "Combat",
	"card_set": "Virtual Block 2",
	"image": "img/Virtual2-Dark/blizzard2.gif",
	"lore": "AT-AT commanded by the treacherous General Nevar before he was assassinated. Fortified with an extra layer of armor by the paranoid general. Enclosed.",
	"rarity": "R2",
	"text": "May add 1 pilot and 8 passengers. Permanent pilot provides ability of 2. During your control phase, may take one Trample or Walker Barrage into hand from Reserve Deck; reshuffle. Walker Barage total is +2. Immune to attrition < 4.",
	"icons": "Pilot  [Scomp Link]  [Hoth]",
	"destiny": "2",
	"power": "6",
	"deploy": "6",
	"forfeit": "6",
	"uniqueness": "•",
	"modelType": "AT-AT",
	"armor": "8",
	"landspeed": "1"
}
