﻿{
	"name": "Blizzard 1",
	"id": "blizzard1",
	"side": "DS",
	"type": "Vehicle",
	"subtype": "Combat",
	"card_set": "Hoth",
	"image": "img/Hoth-Dark/blizzard1.gif",
	"lore": "General Veers AT-AT. Enclosed. Equipped with highly sophisticated communications gear. Employs an experimental targeting system.",
	"rarity": "R1",
	"text": "May add 2 pilots and 8 passengers. Immune to attrition < 4. When using AT-AT cannon to Target The Main Generator, adds 1 to total. Landspeed may not be increased.",
	"icons": "[Scomp Link]",
	"destiny": "2",
	"power": "7",
	"deploy": "6",
	"forfeit": "7",
	"uniqueness": "•",
	"modelType": "AT-AT",
	"armor": "7",
	"landspeed": "1"
}
