﻿{
	"name": "Blizzard 4 (V)",
	"id": "blizzard4-v",
	"side": "DS",
	"type": "Vehicle",
	"subtype": "Combat",
	"card_set": "Virtual Block 6",
	"image": "img/Virtual6-Dark/blizzard4.gif",
	"lore": "Staffed by an experienced crew. Blizzard 4s role in all engagements is to seek out new terrain uncovered by the initial offense thrust and unload troops to hold it. Enclosed.",
	"rarity": "PM",
	"text": "May add 1 pilot and 6 passengers. Permanent pilot provides ability of 2. When deployed, may deploy a non-pilot Imperial warrior aboard (for free). Immune to attrition < 4.",
	"icons": "Pilot  [Scomp Link]  [Reflections III]",
	"destiny": "2",
	"power": "6",
	"deploy": "6",
	"forfeit": "6",
	"uniqueness": "•",
	"modelType": "AT-AT",
	"armor": "7",
	"landspeed": "1"
}
