﻿{
	"name": "Blizzard Scout 1 (V)",
	"id": "blizzardscout1-v",
	"side": "DS",
	"type": "Vehicle",
	"subtype": "Combat",
	"card_set": "Virtual Block 2",
	"image": "img/Virtual2-Dark/blizzardscout1.gif",
	"lore": "Enclosed All Terrain Scout Transport (AT-ST). Provides flanking support to the AT-ATs of Blizzard Force. Modified for cold weather combat.",
	"rarity": "R1",
	"text": "May add 1 pilot or passenger. Permanent pilot provides ability of 2. May move as a react. During battle, if with your piloted AT-AT, may cancel game text of an opponents character present.",
	"icons": "Pilot  [Scomp Link]  [Hoth]",
	"destiny": "4",
	"power": "3",
	"deploy": "3",
	"forfeit": "5",
	"uniqueness": "•",
	"modelType": "AT-ST",
	"armor": "4",
	"landspeed": "3"
}
