﻿{
	"name": "Blizzard Walker",
	"id": "blizzardwalker",
	"side": "DS",
	"type": "Vehicle",
	"subtype": "Combat",
	"card_set": "Hoth",
	"image": "img/Hoth-Dark/blizzardwalker.gif",
	"lore": "Enclosed All Terrain Armored Transport. Commonly called an Imperial walker. One of the most terrifying and deadly weapons in the Empires arsenal. 15.5 meters tall.",
	"rarity": "U2",
	"text": "May add 2 pilots and 8 passengers. Immune to attrition < 4. Landspeed may not be increased.",
	"icons": "[Scomp Link]",
	"destiny": "1",
	"power": "6",
	"deploy": "6",
	"forfeit": "6",
	"uniqueness": "•••",
	"modelType": "AT-AT",
	"armor": "7",
	"landspeed": "1"
}
