﻿{
	"name": "Blockade Flagship: Docking Bay",
	"id": "blockadeflagshipdockingbay_(ds)",
	"side": "DS",
	"type": "Location",
	"subtype": "Site",
	"card_set": "Theed Palace",
	"image": "img/TheedPalace-Dark/blockadeflagshipdockingbay.gif",
	"rarity": "U",
	"icons": "[Interior]  [Exterior]  [Starship]  [Mobile]  [Episode 1]",
	"destiny": "0",
	"uniqueness": "•",
	"forceIconsD": "1",
	"forceIconsL": "1",
	"locationDStext": "Your Docking Bay transit from here is free.",
	"locationLStext": "Your Docking Bay transit to and from here requires +8 Force."
}
