﻿{
	"name": "Blockade Flagship",
	"id": "blockadeflagship",
	"side": "DS",
	"type": "Starship",
	"subtype": "Capital",
	"card_set": "Theed Palace",
	"image": "img/TheedPalace-Dark/blockadeflagship.gif",
	"lore": "Aware that the Senate was sending a commission to Naboo, the Trade Federation evacuated many of its battleships, leaving its flagship to operate as the Droid Control Ship.",
	"rarity": "R",
	"text": "May add 4 pilots, 4 passengers, 2 vehicles and 4 droid starfighters. Permanent pilot provides ability of 2. Once per game, may deploy a Neimoidian pilot aboard from Reserve Deck; reshuffle.",
	"icons": "[Trade Federation]  Pilot  [Nav Computer]  [Episode 1]",
	"destiny": "1",
	"power": "6",
	"deploy": "7",
	"forfeit": "7",
	"hyperspeed": "3",
	"uniqueness": "•",
	"modelType": "Trade Federation Battleship",
	"armor": "7"
}
