﻿{
	"name": "Blockade Flagship: Docking Bay",
	"id": "blockadeflagshipdockingbay_(ls)",
	"side": "LS",
	"type": "Location",
	"subtype": "Site",
	"card_set": "Theed Palace",
	"image": "img/TheedPalace-Light/blockadeflagshipdockingbay.gif",
	"rarity": "U",
	"icons": "[Interior]  [Exterior]  [Starship]  [Mobile]  [Episode 1]",
	"destiny": "0",
	"uniqueness": "•",
	"forceIconsD": "1",
	"forceIconsL": "1",
	"locationDStext": "Your Docking Bay transit from here requires 1 Force. If just 'blown away', lose 4 Force.",
	"locationLStext": "This site may not be converted."
}
