﻿{
	"name": "Blockade Flagship: Hallway",
	"id": "blockadeflagshiphallway",
	"side": "DS",
	"type": "Location",
	"subtype": "Site",
	"card_set": "Reflections III",
	"image": "img/ReflectionsIII-Dark/blockadeflagshiphallway.gif",
	"rarity": "PM",
	"icons": "[Interior]  [Mobile]  [Starship]  [Episode 1]",
	"destiny": "0",
	"uniqueness": "•",
	"forceIconsD": "1",
	"forceIconsL": "1",
	"locationDStext": "If you occupy, Force generation +1 here, and opponent's characters may not move from here.",
	"locationLStext": "Your Jedi deploy +2 here."
}
