﻿{
	"name": "Blockade Support Ship",
	"id": "blockadesupportship",
	"side": "DS",
	"type": "Starship",
	"subtype": "Capital",
	"card_set": "Virtual Block 6",
	"image": "img/Virtual6-Dark/blockadesupportship.gif",
	"lore": "These heavily modifed battleships are used to control and direct the Trade Federations automated army. Easily identified by its array of sensors and antennae.",
	"rarity": "R",
	"text": "Unless Fondor on table, may deploy -3 as a react.  May add 3 pilots and 4 passengers.  Permanent pilot provides ability of 2.",
	"icons": "Pilot  [Nav Computer]  [Trade Federation]  [Episode 1]  [Coruscant]",
	"destiny": "2",
	"power": "5",
	"deploy": "5",
	"forfeit": "7",
	"hyperspeed": "3",
	"uniqueness": "•",
	"modelType": "Trade Federation Battleship",
	"armor": "5"
}
