﻿{
	"name": "Blockade Flagship: Prison",
	"id": "blockadeflagshipprison",
	"side": "LS",
	"type": "Location",
	"subtype": "Site",
	"card_set": "Virtual Block 5",
	"image": "img/Virtual5-Light/blockadeflagshipprison.gif",
	"rarity": "U",
	"icons": "[Episode 1]  [Interior]  [Mobile]  [Starship]  [Scomp Link]  [Endor]",
	"destiny": "0",
	"uniqueness": "•",
	"forceIconsD": "1",
	"forceIconsL": "1",
	"locationDStext": "While Palpatine imprisoned here, opponent's Force drains everywhere are -1.",
	"locationLStext": "If you occupy during your control phase, may release an imprisoned captive here. Immune to revolution."
}
