﻿{
	"name": "Blockade Flagship: Bridge",
	"id": "blockadeflagshipbridge",
	"side": "DS",
	"type": "Location",
	"subtype": "Site",
	"card_set": "Coruscant",
	"image": "img/Coruscant-Dark/blockadeflagshipbridge.gif",
	"rarity": "R",
	"icons": "[Interior]  [Starship]  [Mobile]  [Episode 1]",
	"destiny": "0",
	"uniqueness": "•",
	"forceIconsD": "2",
	"forceIconsL": "0",
	"locationDStext": "While you control with Haako, Gunray, or Dofine, your [Presence] droids are power +1.",
	"locationLStext": "Unless your Jedi here, Force drain -1 here."
}
