﻿{
	"name": "Blown Clear",
	"id": "blownclear",
	"side": "DS",
	"type": "Effect",
	"card_set": "Special Edition",
	"image": "img/SpecialEdition-Dark/blownclear.gif",
	"lore": "Vader was nearly killed when Han damaged his TIE fighter during a surprise attack in the Death Star trench.",
	"rarity": "U",
	"text": "Deploy on your side of table. During a battle, you may place out of playfrom hand a copy of any unique (•) card participating in that battle to reduce attrition against you by that cards forfeit value. (Immune to Alter while you occupy a battleground.)",
	"destiny": "2",
	"uniqueness": "•"
}
