﻿{
	"name": "Blow Parried",
	"id": "blowparried",
	"side": "DS",
	"type": "Interrupt",
	"subtype": "Used",
	"card_set": "Reflections III",
	"image": "img/ReflectionsIII-Dark/blowparried.gif",
	"lore": "Offense may win battles, but defense keeps you alive long enough to mount an offense.",
	"rarity": "PM",
	"text": "Take top card of Force Pile into hand. OR If opponent just revealed a combat card, it is canceled (place in opponents Used Pile) and opponent must draw destiny instead (that destiny is reduced by 1). OR Cancel Glancing Blow, Clash Of Sabers, or Obi-Wans Journal.",
	"icons": "[Episode 1]",
	"destiny": "3",
	"uniqueness": "•"
}
