﻿{
	"name": "Blown Clear (V)",
	"id": "blownclear-v",
	"side": "DS",
	"type": "Effect",
	"subtype": "Political",
	"card_set": "Virtual Block 4",
	"image": "img/Virtual4-Dark/blownclear.gif",
	"lore": "Vader was nearly killed when Han damaged his TIE fighter during a surprise attack in the Death Star trench.",
	"rarity": "U",
	"text": "Deploy on table. May place an Imperial Council Member here from hand. Once per turn, if an admiral or logistics agenda here, may subtract X from a starships forfeit and immunity to attrition for remainder of turn, where X = total influence at Conference Room.",
	"icons": "[Special Edition]",
	"destiny": "2",
	"uniqueness": "•"
}
