﻿{
	"name": "Blue Squadron B-wing",
	"id": "bluesquadronbwing",
	"side": "LS",
	"type": "Starship",
	"subtype": "Starfighter",
	"card_set": "Death Star II",
	"image": "img/DeathStarII-Light/bluesquadronbwing.gif",
	"lore": "B-wings ordered to attack Imperial command starships at Battle of Endor. Armed with armor-penetrating missiles. Maintained by Verpine mechanics.",
	"rarity": "R",
	"text": "Deploy -2 to Roche. Permanent pilot provides ability of 2 and adds 1 to power. May fire two or more weapons during battle. Each of its weapon destiny draws is +2.",
	"icons": "Pilot  [Nav Computer]  [Scomp Link]",
	"destiny": "3",
	"power": "4",
	"deploy": "5",
	"forfeit": "4",
	"hyperspeed": "3",
	"maneuver": "2",
	"uniqueness": "•••",
	"modelType": "B-Wing"
}
