﻿{
	"name": "Blue Milk",
	"id": "bluemilk",
	"side": "LS",
	"type": "Interrupt",
	"subtype": "Used Or Lost",
	"card_set": "A New Hope",
	"image": "img/ANewHope-Light/bluemilk.gif",
	"lore": "Nutrient-rich beverage common in moisture farm communities. Rumored to have medicinal qualities. Popular in cantinas among those who cant hold their juri juice.",
	"rarity": "C2",
	"text": "USED: Select a player to activate 1 Force.LOST: Cancel Juri Juice or Hypo.",
	"destiny": "4",
	"uniqueness": "•"
}
