﻿{
	"name": "Blue Squadron 5",
	"id": "bluesquadron5",
	"side": "LS",
	"type": "Starship",
	"subtype": "Starfighter",
	"card_set": "Death Star II",
	"image": "img/DeathStarII-Light/bluesquadron5.gif",
	"lore": "Blue Squadron B-Wing. Ordered to lead attack on Executor. Drew enemy fighters away from strike force led by General Calrissian and Commander Antilles.",
	"rarity": "U",
	"text": "May add 1 pilot. May fire two or more weapons during battle. Each of its weapon destiny draws is +2. Immune to attrition < 4 when Ten Numb piloting.",
	"icons": "[Nav Computer]  [Scomp Link]",
	"destiny": "2",
	"power": "4",
	"deploy": "2",
	"forfeit": "4",
	"hyperspeed": "3",
	"maneuver": "2",
	"uniqueness": "•",
	"modelType": "B-Wing"
}
