﻿{
	"name": "Boba Fett, Bounty Hunter (V)",
	"id": "bobafettbountyhunter-v",
	"side": "DS",
	"type": "Character",
	"subtype": "Alien",
	"card_set": "Virtual Block 6",
	"image": "img/Virtual6-Dark/bobafettbountyhunter.gif",
	"lore": "The most feared bounty hunter in the galaxy. Justifiably, his fee is as large as his reputation.",
	"rarity": "PM",
	"text": "Adds 3 to power of anything he pilots.  May fly (landspeed = 3).  Adds one battle destiny if with your alien or Imperial. Immune to attrition < 3 (< 5 if with Vader or a bounty hunter).",
	"icons": "Pilot  [Warrior]  [Reflections III]",
	"destiny": "1",
	"power": "4",
	"ability": "3",
	"deploy": "4",
	"forfeit": "6",
	"uniqueness": "•",
	"armor": "5"
}
