﻿{
	"name": "Boba Fett's Blaster Rifle",
	"id": "bobafettsblasterrifle",
	"side": "DS",
	"type": "Weapon",
	"subtype": "Character",
	"card_set": "Cloud City",
	"image": "img/CloudCity-Dark/bobafettsblasterrifle.gif",
	"lore": "Sawed off BlasTech EE-3 blaster rifle. Although its barrel is a few centimeters under the legal limit, no one has lived to file an official complaint.",
	"rarity": "R",
	"text": "Use 1 Force to deploy on Boba Fett, or 3 on your other bounty hunter. May deploy as a react. May target a character, creature or vehicle using 2 Force. Draw destiny. Add 1 if targeting a vehicle. Target hit if total destiny > defense value. May fire repeatedly for 1 Force each time.",
	"destiny": "1",
	"uniqueness": "•"
}
