﻿{
	"name": "Boba Fett (V)",
	"id": "bobafett_(virtual block 2)",
	"side": "DS",
	"type": "Character",
	"subtype": "Alien",
	"card_set": "Virtual Block 2",
	"image": "img/Virtual2-Dark/bobafett.gif",
	"lore": "Feared bounty hunter. Collected bounties on Solo from both the Empire and Jabba the Hutt. Took exquisite pleasure in using Solos friend to capture him.",
	"rarity": "R",
	"text": "Adds 3 to power of anything he pilots.  May fly (landspeed = 3).  Draws one battle destiny if unable to otherwise.  Your cards with Bounty in title are immune to Aim High.  During your control phase, may take a card with Bounty in title into hand from Reserve Deck; reshuffle.  Immune to attrition < 4.",
	"icons": "Pilot  [Warrior]  [Cloud City]",
	"destiny": "1",
	"power": "4",
	"ability": "3",
	"deploy": "4",
	"forfeit": "7",
	"uniqueness": "•",
	"armor": "5"
}
