﻿{
	"name": "Boba Fett",
	"id": "bobafett_(special edition)",
	"side": "DS",
	"type": "Character",
	"subtype": "Alien",
	"card_set": "Special Edition",
	"image": "img/SpecialEdition-Dark/bobafett.gif",
	"lore": "Infamous bounty hunter. Hired to help Jabba intimidate debtors and smugglers. Crack shot. Mandalorian armor and jet pack provide protection and flight capability.",
	"rarity": "R",
	"text": "Adds 2 to power and 1 to maneuver of anything he pilots. May deploy -1 as a react to same site as a gangster or smuggler. When firing weapons, any hit characters are forfeit = 0. May fly (landspeed = 3). Immune to attrition < 3.",
	"icons": "Pilot  [Warrior]",
	"destiny": "1",
	"power": "3",
	"ability": "2",
	"deploy": "5",
	"forfeit": "4",
	"uniqueness": "•",
	"armor": "5"
}
