﻿{
	"name": "Boba Fett, Bounty Hunter",
	"id": "bobafettbountyhunter",
	"side": "DS",
	"type": "Character",
	"subtype": "Alien",
	"card_set": "Reflections III",
	"image": "img/ReflectionsIII-Dark/bobafettbountyhunter.gif",
	"lore": "The most feared bounty hunter in the galaxy. Justifiably, his fee is as large as his reputation.",
	"rarity": "PM",
	"text": "Text: Adds 3 to power of anything he pilots. Adds one battle destiny if with your alien or Imperial (or adds two battle destiny if with your bounty hunter or Vader). Immune to attrition < 5. End of your turn: Use 2 Force to maintain OR Lose 2 Force to place in Used Pile OR Place out of play.",
	"icons": "Pilot  [Warrior]",
	"destiny": "3",
	"power": "7",
	"ability": "3",
	"deploy": "5",
	"forfeit": "6",
	"uniqueness": "•",
	"armor": "5"
}
