﻿{
	"name": "Boba Fett, Relentless Bounty Hunter",
	"id": "bobafettrelentlessbountyhunter",
	"side": "DS",
	"type": "Character",
	"subtype": "Alien",
	"card_set": "Virtual Block 6",
	"image": "img/Virtual6-Dark/bobafettrelentlessbountyhunter.gif",
	"lore": "Boba Fetts helmet has infrared capabilities, a motion tracking system, a macrobinocular viewer, an internal comlink and a broadband antenna. He doesnt miss a thing.",
	"rarity": "C",
	"text": "Adds 3 to power of anything he pilots.  May fly (landspeed = 3).  While armed with a blaster, may add one destiny to total power or attrition.  During your move phase, if escorting a captive, may use 2 Force to relocate both to a docking bay.  Immune to attrition < 3.",
	"icons": "Pilot  [Warrior]  [Jabba's Palace]",
	"destiny": "1",
	"power": "4",
	"ability": "3",
	"deploy": "4",
	"forfeit": "6",
	"uniqueness": "•",
	"armor": "5"
}
