﻿{
	"name": "Boba Fett",
	"id": "bobafett_(cloud city)",
	"side": "DS",
	"type": "Character",
	"subtype": "Alien",
	"card_set": "Cloud City",
	"image": "img/CloudCity-Dark/bobafett.gif",
	"lore": "Feared bounty hunter. Collected bounties on Solo from both the Empire and Jabba the Hutt. Took exquisite pleasure in using Solos friend to capture him.",
	"rarity": "R",
	"text": "Adds 3 to power of anything he pilots. When piloting Slave I, also adds 2 to maneuver and may draw one battle destiny if not able to otherwise. When escorting a captive, captive is forfeit +5. May fly (landspeed = 3). Immune to attrition < 3.",
	"icons": "Pilot  [Warrior]",
	"destiny": "1",
	"power": "4",
	"ability": "3",
	"deploy": "5",
	"forfeit": "6",
	"uniqueness": "•",
	"armor": "5"
}
