﻿{
	"name": "Boba Fett (V)",
	"id": "bobafett_(virtual block 1)",
	"side": "DS",
	"type": "Character",
	"subtype": "Alien",
	"card_set": "Virtual Block 1",
	"image": "img/Virtual1-Dark/bobafett.gif",
	"lore": "Infamous bounty hunter. Hired to help Jabba intimidate debtors and smugglers. Crack shot. Mandalorian armor and jet pack provide protection and flight capability.",
	"rarity": "R",
	"text": "Adds 3 to power of anything he pilots.  May fly (landspeed = 3).  Permanent weapon is Projectile Grappling Hook (may target a character for free; draw destiny; target captured if destiny +1 > defense value).  Immune to attrition < 3 (< 5 while with Jabba).(Errata Text - September 9th, 2009)",
	"icons": "Pilot  [Warrior]  [Permanent Weapon]  [Special Edition]",
	"destiny": "1",
	"power": "4",
	"ability": "3",
	"deploy": "4",
	"forfeit": "7",
	"uniqueness": "•",
	"armor": "5"
}
