﻿{
	"name": "Boba Fett In Slave I (V)",
	"id": "bobafettinslavei-v",
	"side": "DS",
	"type": "Starship",
	"subtype": "Starfighter",
	"card_set": "Virtual Block 6",
	"image": "img/Virtual6-Dark/bobafettinslavei.gif",
	"lore": "Dangerous and deadly starfighter piloted by its notorious owner. Uses combat-grade shields and sensors. Hidden weapons provide lethal surprises for Fetts victims.",
	"rarity": "PM",
	"text": "Permanent pilot is •Boba Fett, who provides ability of 3.  Draws one battle destiny if not able to otherwise.  Slave Is power may not be reduced by opponent.  Immune to Eject! Eject! and attrition < 5.",
	"icons": "[Independent]  Pilot  [Nav Computer]  [Scomp Link]  [Premium]",
	"destiny": "1",
	"power": "7",
	"deploy": "6",
	"forfeit": "7",
	"hyperspeed": "4",
	"maneuver": "6",
	"uniqueness": "•",
	"modelType": "Firespray-Class Attack Ship"
}
