﻿{
	"name": "Boba Fett, Prepared Hunter",
	"id": "bobafettpreparedhunter",
	"side": "DS",
	"type": "Character",
	"subtype": "Alien",
	"card_set": "Virtual Block 8",
	"image": "img/Virtual8-Dark/bobafettpreparedhunter.gif",
	"lore": "Bounty hunter. Assassin. Boba Fetts Mandalorian armor was so versatile that his opponents never knew what to expect.",
	"rarity": "U",
	"text": "Adds 3 to power of anything he pilots. May be revealed from hand to take Slave 1 from Reserve Deck; reshuffle;  and deploy both simultaneously. While piloting Slave 1, it is maneuver +3 and hyperspeed + 1. Draws one battle destiny if unable to otherwise (if present at a site may add a destiny to total power instead).",
	"icons": "Pilot  [Warrior]  [Jabba's Palace]",
	"destiny": "2",
	"power": "4",
	"ability": "3",
	"deploy": "4",
	"forfeit": "7",
	"uniqueness": "•"
}
