﻿{
	"name": "Boba Fett With Blaster Rifle",
	"id": "bobafettwithblasterrifle",
	"side": "DS",
	"type": "Character",
	"subtype": "Alien",
	"card_set": "Enhanced Premiere",
	"image": "img/EnhancedPremiere-Dark/bobafettwithblasterrifle.gif",
	"lore": "Notorious bounty hunter. As you wish.",
	"rarity": "PM",
	"text": "Adds 3 to power of anything he pilots. Adds one battle destiny if with Han or Jabba. Permanent weapon is •Boba Fetts Blaster Rifle (may target a character or creature for free; draw destiny; target hit, and its forfeit = 0, if destiny +1 > defense value).",
	"icons": "Pilot  [Warrior]  [Permanent Weapon]",
	"destiny": "1",
	"power": "4",
	"ability": "3",
	"deploy": "5",
	"forfeit": "5",
	"uniqueness": "•",
	"armor": "5"
}
