﻿{
	"name": "Boba Fett's Blaster Rifle (V)",
	"id": "bobafettsblasterrifle-v",
	"side": "DS",
	"type": "Weapon",
	"subtype": "Character",
	"card_set": "Virtual Block 2",
	"image": "img/Virtual2-Dark/bobafettsblasterrifle.gif",
	"lore": "Sawed off BlasTech EE-3 blaster rifle. Although its barrel is a few centimeters under the legal limit, no one has lived to file an official complaint.",
	"rarity": "R",
	"text": "Deploy on non-[Maintenance] Boba Fett. During your turn, opponents characters here may not use landspeed. While a captive at same site, your Force drains are +1 here. May target a character for free. Draw destiny. Target captured if destiny +2 > defense value.",
	"icons": "[Cloud City]",
	"destiny": "1",
	"uniqueness": "•"
}
