﻿{
	"name": "Boba Fett In Slave I",
	"id": "bobafettinslavei",
	"side": "DS",
	"type": "Starship",
	"subtype": "Starfighter",
	"card_set": "Enhanced Cloud City",
	"image": "img/EnhancedCloudCity-Dark/bobafettinslavei.gif",
	"lore": "Dangerous and deadly starfighter piloted by its notorious owner. Uses combat-grade shields and sensors. Hidden weapons provide lethal surprises for Fetts victims.",
	"rarity": "PM",
	"text": "May add 3 passengers. Permanent pilot is •Boba Fett, who provides ability of 3, adds 3 to power, adds 2 to maneuver and draws one battle destiny if not able to otherwise. Immune to attrition < 5.",
	"icons": "[Independent]  Pilot  [Nav Computer]  [Scomp Link]",
	"destiny": "1",
	"power": "4",
	"deploy": "7",
	"forfeit": "4",
	"hyperspeed": "4",
	"maneuver": "4",
	"uniqueness": "•",
	"modelType": "Firespray-Class Attack Ship"
}
