﻿{
	"name": "Boelo",
	"id": "boelo",
	"side": "DS",
	"type": "Character",
	"subtype": "Alien",
	"card_set": "Special Edition",
	"image": "img/SpecialEdition-Dark/boelo.gif",
	"lore": "Naroon Cuthus predecessor as Jabbas right hand man. Sees what he wants to see. Hears what he wants to hear. Has a pet womp rat named Worra.",
	"rarity": "R",
	"text": "Deploys only on Tatooine or to same site as Jabba. When in a battle either at Audience Chamber or with your alien leader, may cancel one opponents battle destiny just drawn.",
	"icons": "[Warrior]",
	"destiny": "1",
	"power": "3",
	"ability": "3",
	"deploy": "4",
	"forfeit": "3",
	"uniqueness": "•"
}
