﻿{
	"name": "Bog-wing",
	"id": "bogwing_(ls)",
	"side": "LS",
	"type": "Creature",
	"card_set": "Dagobah",
	"image": "img/Dagobah-Light/bogwing.gif",
	"lore": "Large, flying jungle predator. One to five meters long, including tail. Swoops down and grasps victims in its claws. Young are born in mid-flight, as the mother drops from extreme altitude.",
	"rarity": "C",
	"text": "* Ferocity = destiny -1. Habitat: Dagobah. Parasite: Character (that can move). Relocate Bog-wing and host up to two sites away (opponent of victim chooses). Bog-wing then detaches.",
	"icons": "[Selective Creature]",
	"destiny": "5",
	"power": "*",
	"deploy": "2",
	"forfeit": "0",
	"modelType": "Avian",
	"creatureDV": "2"
}
