﻿{
	"name": "Bog-wing",
	"id": "bogwing_(ds)",
	"side": "DS",
	"type": "Creature",
	"card_set": "Dagobah",
	"image": "img/Dagobah-Dark/bogwing.gif",
	"lore": "Avian jungle-dweller. Fiercely territorial. Uses powerful talons to pick up and bear off victims. Carries up to nine times its own body weight. Feeds primarily on root lizards and vine snakes.",
	"rarity": "C",
	"text": "* Ferocity = destiny -1. Habitat: Dagobah. Parasite: Character (that can move). Relocate Bog-wing and host up to two sites away (opponent of victim chooses). Bog-wing then detaches.",
	"icons": "[Selective Creature]",
	"destiny": "5",
	"power": "*",
	"deploy": "2",
	"forfeit": "0",
	"modelType": "Avian",
	"creatureDV": "2"
}
