﻿{
	"name": "Bok Askol",
	"id": "bokaskol",
	"side": "DS",
	"type": "Character",
	"subtype": "Alien",
	"card_set": "Theed Palace",
	"image": "img/TheedPalace-Dark/bokaskol.gif",
	"lore": "At birth, a Pacithhips gene configuration usually indicates if theyre to become a farmer, an intellectual, or a warrior. Bok Askols destiny remained a mystery for years.",
	"rarity": "U",
	"text": "Once during your deploy phase, may draw destiny: (0-2) no result; (3-4) Askol draws one battle destiny if unable to otherwise for remainder of turn; (5+) Askol is power +4 for remainder of turn.",
	"icons": "[Episode 1]",
	"destiny": "3",
	"power": "1",
	"ability": "2",
	"deploy": "2",
	"forfeit": "4",
	"uniqueness": "•"
}
