﻿{
	"name": "B'omarr Monk",
	"id": "bomarrmonk",
	"side": "LS",
	"type": "Character",
	"subtype": "Alien",
	"card_set": "Jabba's Palace",
	"image": "img/JabbasPalace-Light/bomarrmonk.gif",
	"lore": "Members of a mysterious religious sect. Resentful of their monastery being taken over by Jabba. Shed their bodies and have their brains encased in a walking automaton.",
	"rarity": "C",
	"text": "While at a site, adds Force icons to equalize them for both sides. Cancels opponents Jabbas Palace game text where present. Can not use vehicles, starships, weapons, or devices. Participates only in defensive battles. Lost if not on Tatooine.",
	"destiny": "2",
	"power": "0",
	"ability": "4",
	"deploy": "3",
	"forfeit": "4",
	"uniqueness": "•••"
}
