﻿{
	"name": "Bombing Run",
	"id": "bombingrun",
	"side": "DS",
	"type": "Effect",
	"subtype": "Mobile",
	"card_set": "Dagobah",
	"image": "img/Dagobah-Dark/bombingrun.gif",
	"lore": "Bombers can sometimes slip past orbital defenses. Making a lowaltitude bombing run allows surgical strikes, even in cramped situations such as canyons and city streets.",
	"rarity": "R",
	"text": "Deploy on a non-interior planet site (except Dagobah). May move to an adjacent non-interior site at start of your move phase. Your bombers at a related system you control may move to this site. Bombers must return to system at end of your battle phase (if possible).",
	"destiny": "6",
	"uniqueness": "<>"
}
