﻿{
	"name": "Booma",
	"id": "booma",
	"side": "LS",
	"type": "Weapon",
	"subtype": "Vehicle",
	"card_set": "Theed Palace",
	"image": "img/TheedPalace-Light/booma.gif",
	"lore": "Lunched from fanbaa-mounted catapults. Gungan energy balls are used to disable a variety of mechanized threats. Effectiveness is enhanced by the skill of the user.",
	"rarity": "C",
	"text": "Deploy on your Fambaa. Twice during battle may draw destiny. If destiny < total number of opponents characters and vehicles present, one of them is lost (opponents choice).",
	"icons": "[Episode 1]",
	"destiny": "4"
}
