﻿{
	"name": "Boonta Eve Podrace",
	"id": "boontaevepodrace_(ls)",
	"side": "LS",
	"type": "Epic Event",
	"card_set": "Tatooine",
	"image": "img/Tatooine-Light/boontaevepodrace.gif",
	"rarity": "R",
	"text": "Deploy on Podrace Arena. Once per game, either player may initiate a Podrace: During opponents control phase, each player may draw one race destiny. Each player may place any drawn race destiny on their Podracer (or on Podrace Arena if they have none) or in their Used Pile. During any move phase, winner is any player with a race total > 24 and greater than opponents highest race total. Winner retrieves 6 Force and loser loses 6 Force. Place all race destiny cards in owners Used Piles and all Podracers are lost.",
	"icons": "[Episode 1]",
	"destiny": "0"
}
