﻿{
	"name": "Booster In Pulsar Skate",
	"id": "boosterinpulsarskate",
	"side": "LS",
	"type": "Starship",
	"subtype": "Starfighter",
	"card_set": "Virtual Block 4",
	"image": "img/Virtual4-Light/boosterinpulsarskate.gif",
	"lore": "Owned by legendary Terrik family of smugglers. Used to chase down the pirates who killed Wedges parents. On Corellian Securitys most wanted list. 37.5 meters long.",
	"rarity": "PM",
	"text": "May add 1 pilot and 6 passengers.  Permanent pilot is •Booster, who provides ability of 3.  Once per game, may deploy Mirax here from Reserve Deck; reshuffle.  Immune to Lateral Damage and attrition < 5.",
	"icons": "Pilot  [Independent]  [Nav Computer]  [Scomp Link]  [Reflections II]",
	"destiny": "2",
	"power": "4",
	"deploy": "4",
	"forfeit": "4",
	"hyperspeed": "5",
	"maneuver": "4",
	"uniqueness": "•",
	"modelType": "Baudo-Class Star Yacht"
}
