﻿{
	"name": "Booster Terrik",
	"id": "boosterterrik",
	"side": "LS",
	"type": "Character",
	"subtype": "Alien",
	"card_set": "Virtual Block 7",
	"image": "img/Virtual7-Light/boosterterrik.gif",
	"lore": "Corellian, Information broker.",
	"rarity": "C2",
	"text": "Adds 2 to the power of anything he pilots. Starships here with a Rogue Squadron pilot aboard may move as a react. Star Destroyers he pilots are hyperspeed + 2. Unless Corellia on table, once per game, may steal an Imperial-class Star Destroyer from opponents Lost Pile into hand.",
	"icons": "Pilot  [Warrior]",
	"destiny": "2",
	"power": "2",
	"ability": "3",
	"deploy": "3",
	"forfeit": "5",
	"uniqueness": "•"
}
