﻿{
	"name": "Boosted TIE Cannon",
	"id": "boostedtiecannon",
	"side": "DS",
	"type": "Weapon",
	"subtype": "Starship",
	"card_set": "Premiere",
	"image": "img/Premiere-Dark/boostedtiecannon.gif",
	"lore": "Enhanced TIE blaster cannon prototype. Greater range and power. Improved targeting software. Requires more powerful energy cells. Tested by elite TIE squadrons.",
	"rarity": "U1",
	"text": "Use 1 Force to deploy on your TIE Advanced x1. May target a starship using 1 Force. Draw destiny. Subtract 1 if targeting a capital starship. Add 1 if targeting a starfighter. Target hit if total destiny > defense value.",
	"destiny": "4"
}
