﻿{
	"name": "BoShek",
	"id": "boshek",
	"side": "LS",
	"type": "Character",
	"subtype": "Alien",
	"card_set": "Premiere",
	"image": "img/Premiere-Light/boshek.gif",
	"lore": "Rogue pilot. Outlaw starship tech. Has secret lab in Mos Eisley. He bragged about beating Han Solos Kessel Run record. Left fringe life behind after meeting Obi-Wan Kenobi.",
	"rarity": "U1",
	"text": "Adds 3 to power of anything he pilots. May make a Kessel Run in place of a smuggler. Immune to attrition < 3.",
	"icons": "Pilot",
	"destiny": "1",
	"power": "2",
	"ability": "4",
	"deploy": "4",
	"forfeit": "3",
	"uniqueness": "•"
}
