﻿{
	"name": "BoShek, Brash Smuggler",
	"id": "boshekbrashsmuggler",
	"side": "LS",
	"type": "Character",
	"subtype": "Alien",
	"card_set": "Virtual Block 6",
	"image": "img/Virtual6-Light/boshekbrashsmuggler.gif",
	"lore": "Rogue pilot. Outlaw starship tech. Has secret lab in Mos Eisley. He bragged about beating Han Solos Kessel Run record. Left fringe life behind after meeting Obi-Wan Kenobi.",
	"rarity": "U1",
	"text": "Adds 3 to power of anything he pilots. When piloting a freighter at a battleground system, adds 1 to attrition against opponent here and their starships here may not cloak. Opponent loses no more than 3 Force to your Force drains at same system.(Original Concept by Aaron Nelson - West Nationals 2008)",
	"icons": "Pilot",
	"destiny": "1",
	"power": "2",
	"ability": "4",
	"deploy": "3",
	"forfeit": "4",
	"uniqueness": "•"
}
