﻿{
	"name": "Bo Shuda",
	"id": "boshuda",
	"side": "LS",
	"type": "Effect",
	"card_set": "Jabba's Palace",
	"image": "img/JabbasPalace-Light/boshuda.gif",
	"lore": "In order to remain a successful crime lord, Jabba must ensure the safety of all those who seek to do business with him.",
	"rarity": "U",
	"text": "Deploy on Audience Chamber. If you have an alien here, no battles or Force drains may take place here and your aliens cannot be targeted by Trap Door. Effect canceled if opponent occupies this site without an alien. (Immune to Alter.)",
	"destiny": "5",
	"uniqueness": "•"
}
