﻿{
	"name": "BoShek (V)",
	"id": "boshek-v",
	"side": "LS",
	"type": "Character",
	"subtype": "Alien",
	"card_set": "Virtual Block 1",
	"image": "img/Virtual1-Light/boshek.gif",
	"lore": "Rogue pilot. Outlaw starship tech. Has secret lab in Mos Eisley. He bragged about beating Han Solos Kessel Run record. Left fringe life behind after meeting Obi-Wan Kenobi.",
	"rarity": "U1",
	"text": "Adds 3 to power of anything he pilots. Deploys -2 to Cantina, a docking bay, or a starship. BoShek is a matching pilot for any starship. Twice per game, may take a device into hand from Reserve Deck; reshuffle. Immune to attrition < 3.",
	"icons": "Pilot",
	"destiny": "1",
	"power": "2",
	"ability": "4",
	"deploy": "4",
	"forfeit": "3",
	"uniqueness": "•"
}
