﻿{
	"name": "Bossk",
	"id": "bossk",
	"side": "DS",
	"type": "Character",
	"subtype": "Alien",
	"card_set": "Dagobah",
	"image": "img/Dagobah-Dark/bossk.gif",
	"lore": "Male Trandoshan bounty hunter. Strong but clumsy. Extremely proud and arrogant. Suffered a humiliating defeat at the hands of Chewbacca and his partner Han Solo.",
	"rarity": "R",
	"text": "Adds 2 to power of anything he pilots. When piloting Hounds Tooth, draws one battle destiny if not able to otherwise. Adds 1 to attrition against opponent in battles at same site. While present, may reduce Chewies forfeit to zero while here.",
	"icons": "Pilot  [Warrior]",
	"destiny": "1",
	"power": "4",
	"ability": "2",
	"deploy": "4",
	"forfeit": "3",
	"uniqueness": "•"
}
