﻿{
	"name": "Bossk (V)",
	"id": "bossk-v",
	"side": "DS",
	"type": "Character",
	"subtype": "Alien",
	"card_set": "Virtual Block 2",
	"image": "img/Virtual2-Dark/bossk.gif",
	"lore": "Male Trandoshan bounty hunter. Strong but clumsy. Extremely proud and arrogant. Suffered a humiliating defeat at the hands of Chewbacca and his partner Han Solo.",
	"rarity": "R",
	"text": "Adds 2 to power of anything he pilots. While at same site as a smuggler, power +3. While with opponents smuggler or Wookiee, opponent may not draw more than one battle destiny here. Immune to attrition < number of opponents smugglers on table.",
	"icons": "Pilot  [Warrior]  [Dagobah]",
	"destiny": "1",
	"power": "4",
	"ability": "2",
	"deploy": "3",
	"forfeit": "5",
	"uniqueness": "•"
}
