﻿{
	"name": "Bossk In Hound's Tooth",
	"id": "bosskinhoundstooth",
	"side": "DS",
	"type": "Starship",
	"subtype": "Capital",
	"card_set": "Special Edition",
	"image": "img/SpecialEdition-Dark/bosskinhoundstooth.gif",
	"lore": "Bossk once said of his ship, Greeezeg out nikek!",
	"rarity": "R",
	"text": "May add 6 passengers and 1 vehicle. Permanent pilot is •Bossk, who provides ability of 2, adds 2 to power and adds one battle destiny. Deploys and moves like a starfighter. Has ship-docking capability.",
	"icons": "[Independent]  Pilot  [Nav Computer]  [Scomp Link]",
	"destiny": "1",
	"power": "5",
	"deploy": "8",
	"forfeit": "5",
	"hyperspeed": "4",
	"uniqueness": "•",
	"modelType": "Modified Corellian Freitghter",
	"armor": "4"
}
