﻿{
	"name": "Boss Nass (AI)",
	"id": "bossnassai",
	"side": "LS",
	"type": "Character",
	"subtype": "Alien",
	"card_set": "Theed Palace",
	"image": "img/TheedPalace-Light/bossnassai.gif",
	"lore": "Ankura Gungan who is the leader of his people. Prone to nervous tics. Personally responsible for uniting the Ankura and Otolla races together.",
	"rarity": "R",
	"text": "While at an underwater site and all of your characters on Naboo are Gungans: add one battle destiny in battles at Naboo sites and once during your deploy phase may deploy a Gungan or Steady, Steady from Reserve Deck; reshuffle.",
	"icons": "[Episode 1]",
	"destiny": "1",
	"power": "3",
	"ability": "3",
	"deploy": "3",
	"forfeit": "6",
	"uniqueness": "•"
}
