﻿{
	"name": "Bossk with Mortar Gun (V)",
	"id": "bosskwithmortargun-v",
	"side": "DS",
	"type": "Character",
	"subtype": "Alien",
	"card_set": "Virtual Block 8",
	"image": "img/Virtual8-Dark/bosskwithmortargun.gif",
	"lore": "Trandoshan Assassin and Slaver. Modified his mortar gun to fire stun cartridges for live captures. Uses non-fragmentary capture rounds to minimize collateral damage.",
	"rarity": "PM",
	"text": "Adds 2 to the power of anything he pilots. May not be targeted by weapons unless your other slavers present are each hit. Permanent weapon is •Bossks Mortar Gun (may target a character for free. Draw destiny. Target hit and forfeit =0, if destiny matches targets destiny number).",
	"icons": "Pilot  [Warrior]  [Permanent Weapon]",
	"destiny": "3",
	"power": "4",
	"ability": "2",
	"deploy": "3",
	"forfeit": "4",
	"uniqueness": "•",
	"armor": "4"
}
