﻿{
	"name": "Bossk With Mortar Gun",
	"id": "bosskwithmortargun",
	"side": "DS",
	"type": "Character",
	"subtype": "Alien",
	"card_set": "Enhanced Jabba's Palace",
	"image": "img/EnhancedJabbasPalace-Dark/bosskwithmortargun.gif",
	"lore": "Trandoshan bounty hunter. Modified his mortar gun to fire stun cartridges for live captures. Uses non-fragmentary capture rounds to minimize collateral damage.",
	"rarity": "PM",
	"text": "Adds 2 to power of anything he pilots. Permanent weapon is •Bossks Mortar Gun (may fire for free; draw destiny; may subtract or add 1 if at same site as a bounty; choose one character with that destiny number present to be captured.)",
	"icons": "Pilot  [Warrior]  [Permanent Weapon]",
	"destiny": "1",
	"power": "4",
	"ability": "2",
	"deploy": "5",
	"forfeit": "3",
	"uniqueness": "•"
}
