﻿{
	"name": "Bossk In Hound's Tooth (V)",
	"id": "bosskinhoundstooth-v",
	"side": "DS",
	"type": "Starship",
	"subtype": "Capital",
	"card_set": "Virtual Block 6",
	"image": "img/Virtual6-Dark/bosskinhoundstooth.gif",
	"lore": "Bossk once said of his ship, Greeezeg out nikek!",
	"rarity": "R",
	"text": "Permanent pilot is •Bossk, who provides ability of 2.  During battle with opponents [Independent] starship (or Falcon), may add one destiny to total power or attrition.  Immune to attrition < 4.",
	"icons": "[Independent]  Pilot  [Nav Computer]  [Scomp Link]  [Special Edition]",
	"destiny": "1",
	"power": "6",
	"deploy": "4",
	"forfeit": "6",
	"hyperspeed": "4",
	"uniqueness": "•",
	"modelType": "Modified Corellian Freitghter",
	"armor": "4"
}
