﻿{
	"name": "Bothawui",
	"id": "bothawui",
	"side": "LS",
	"type": "Location",
	"subtype": "System",
	"card_set": "Special Edition",
	"image": "img/SpecialEdition-Light/bothawui.gif",
	"rarity": "F",
	"icons": "[Planet]",
	"destiny": "0",
	"parsec": "2",
	"uniqueness": "•",
	"forceIconsD": "1",
	"forceIconsL": "2",
	"locationDStext": "Force drain -X here, where X= number of spies opponent has on table.",
	"locationLStext": "Your spies deploy -1 here and at related sites. If you control, Undercover is immune to Hutt Smooch."
}
