﻿{
	"name": "Bothawui Operative",
	"id": "bothawuioperative",
	"side": "LS",
	"type": "Character",
	"subtype": "Alien",
	"card_set": "Special Edition",
	"image": "img/SpecialEdition-Light/bothawuioperative.gif",
	"lore": "Gran pacifists responsible for maintaining contact with the Bothans. Some are stationed on the Bothan homeworld to help monitor sensitive information.",
	"rarity": "C",
	"text": "While at a Bothawui site: adds 1 to your Force drains there, is forfeit +1 (and power +1 if your Bothan is on Bothawui) and, once during each of your deploy phases, may deploy one site to ABothawui from Reserve Deck; reshuffle.",
	"icons": "[Warrior]",
	"destiny": "3",
	"power": "1",
	"ability": "1",
	"deploy": "1",
	"forfeit": "3"
}
