﻿{
	"name": "Bothan Spy",
	"id": "bothanspy",
	"side": "LS",
	"type": "Character",
	"subtype": "Alien",
	"card_set": "Special Edition",
	"image": "img/SpecialEdition-Light/bothanspy.gif",
	"lore": "Bothans operate the most complex spy network in the galaxy. Discovered the location of the second Death Star. Ambitious. Resourceful. Furry. Tend to die in large numbers.",
	"rarity": "C",
	"text": "May be targeted (instead of a droid) by Death Star Plans. When targeted by Death Star Plans, makes that Effect immune to Alter and adds one destiny to Force retrieved with Death Star Plans. May not be targeted by Nabrun Leids.",
	"destiny": "3",
	"power": "1",
	"ability": "2",
	"deploy": "2",
	"forfeit": "3"
}
