﻿{
	"name": "Bounty",
	"id": "bounty",
	"side": "DS",
	"type": "Effect",
	"card_set": "Cloud City",
	"image": "img/CloudCity-Dark/bounty.gif",
	"lore": "One of the most profitable occupations in the galaxy is hunting down and capturing wanted beings. The more notable the quarry, the more profitable the venture.",
	"rarity": "C",
	"text": "Deploy on an opponents non-droid character. If subsequently captured by a bounty hunter and then transferred to a prison, retrieve Force equal to characters forfeit -2 and place Effect in Used Pile. (Immune to Alter.)",
	"destiny": "4"
}
