﻿{
	"name": "Bounty (V)",
	"id": "bounty-v",
	"side": "DS",
	"type": "Effect",
	"subtype": "Immediate",
	"card_set": "Virtual Block 2",
	"image": "img/Virtual2-Dark/bounty.gif",
	"lore": "One of the most profitable occupations in the galaxy is hunting down and capturing wanted beings. The more notable the quarry, the more profitable the venture.",
	"rarity": "C",
	"text": "Deploy on a just captured character without a bounty. During your control phase, may transfer captive to a related prison (take this card into hand) to retrieve 4 Force. If released, place captive (and cards on them) in owners Used Pile. Your Force drains are +1 here. (Immune to Control.)(Original concept by Steven Lewis - Tennessee States 2006)",
	"icons": "[Cloud City]",
	"destiny": "4"
}
