﻿{
	"name": "Boushh",
	"id": "boushh",
	"side": "LS",
	"type": "Character",
	"subtype": "Rebel",
	"card_set": "Enhanced Jabba's Palace",
	"image": "img/EnhancedJabbasPalace-Light/boushh.gif",
	"lore": "Leia obtained the armor of a notorious mercenary to sneak onto Coruscant. She later assumed the same role to spy on Jabba. Fearless and inventive. Jabbas kind of scum.",
	"rarity": "PM",
	"text": "Deploys only to a site (-2 on Tatooine or Coruscant) as an Undercover Spy. While undercover at an opponents site, prevents opponent from modifying or cancelling your Force Drains at opponents related sites. Immune to Attrition < 3.",
	"icons": "Pilot  [Warrior]",
	"destiny": "1",
	"power": "3",
	"ability": "4",
	"deploy": "6",
	"forfeit": "7",
	"uniqueness": "•",
	"armor": "4"
}
