﻿{
	"name": "Bowcaster",
	"id": "bowcaster",
	"side": "LS",
	"type": "Weapon",
	"subtype": "Character",
	"card_set": "A New Hope",
	"image": "img/ANewHope-Light/bowcaster.gif",
	"lore": "Hand-crafted weapon of choice among Wookiees. Fires explosive quarrels (which look like blaster bolts). Requires great strength to use. Extra ammo carried on bandoleers.",
	"rarity": "R2",
	"text": "Use X Force to deploy on your warrior, where X = (7 - warriors power). X cannot fall below 1. May target a character or creature using X Force. Draw destiny. Add 1 if targeting a character, 2 if targeting a creature. Target hit if total destiny > defense value.",
	"destiny": "2"
}
