﻿{
	"name": "Bowcaster (V)",
	"id": "bowcaster-v",
	"side": "LS",
	"type": "Weapon",
	"subtype": "Character",
	"card_set": "Virtual Block 5",
	"image": "img/Virtual5-Light/bowcaster.gif",
	"lore": "Hand-crafted weapon of choice among Wookiees. Fires explosive quarrels (which look like blaster bolts). Requires great strength to use. Extra ammo carried on bandoleers.",
	"rarity": "R2",
	"text": "Deploy on your Wookiee. May target a character or vehicle for free. Draw destiny (may take drawn card into hand). Target hit if destiny + X > defense value, where X = number of Kashyyyk sites you control.",
	"icons": "[Episode 1]  [A New Hope]",
	"destiny": "2"
}
