﻿{
	"name": "Brainiac",
	"id": "brainiac",
	"side": "LS",
	"type": "Character",
	"subtype": "Alien",
	"card_set": "A New Hope",
	"image": "img/ANewHope-Light/brainiac.gif",
	"lore": "BoShek nicknamed this male Siniteen Brainiac due to his ability to calculate hyperspace coordinates in his head. Hes the brains, sweetheart!",
	"rarity": "R1",
	"text": "* Power = v(3(X-Y)+2(A-B)+ p) (minimum power =1). X = Dark Side hand cards; Y = Light Side hand cards; A = total number of Dark icons in play; B = total number of Light icons in play; p?= 3.141592653589793238462643383...",
	"icons": "[Nav Computer]",
	"destiny": "pi",
	"power": "*",
	"ability": "3",
	"deploy": "Y",
	"forfeit": "X",
	"uniqueness": "•"
}
