﻿{
	"name": "Brainiac (V)",
	"id": "brainiac-v",
	"side": "LS",
	"type": "Character",
	"subtype": "Alien",
	"card_set": "Virtual Block 1",
	"image": "img/Virtual1-Light/brainiac.gif",
	"lore": "BoShek nicknamed this male Siniteen Brainiac due to his ability to calculate hyperspace coordinates in his head. Hes the brains, sweetheart!",
	"rarity": "R1",
	"text": "X = Light Side cards in hand. Y = Dark Side cards in hand. If X < Y, your Force generation is +1. If X = Y, adds one battle destiny. Once per turn, if X > Y, may lose a card from hand to make a just drawn weapon or battle destiny = pi.",
	"icons": "[A New Hope]",
	"destiny": "pi",
	"power": "X-Y",
	"ability": "pi",
	"deploy": "3",
	"forfeit": "4",
	"uniqueness": "•"
}
