﻿{
	"name": "Brangus Glee",
	"id": "brangusglee",
	"side": "DS",
	"type": "Character",
	"subtype": "Alien",
	"card_set": "Special Edition",
	"image": "img/SpecialEdition-Dark/brangusglee.gif",
	"lore": "Elder of a dextrous race of renowned travelers. Gambler. Frequents casinos, bars and spaceports. Originally from distant planet Dor Nameth",
	"rarity": "R",
	"text": "Power +2 at Cantina. Adds 2 to power of anything he pilots. Once per turn, may exchange a docking bay from hand with top card of Lost Pile. Your docking bay transit is free when moving to or from same site. Immune to attrition < 3.",
	"icons": "Pilot  [Warrior]",
	"destiny": "3",
	"power": "1",
	"ability": "4",
	"deploy": "3",
	"forfeit": "3",
	"uniqueness": "•"
}
