﻿{
	"name": "Brangus Glee (V)",
	"id": "brangusglee-v",
	"side": "DS",
	"type": "Character",
	"subtype": "Alien",
	"card_set": "Virtual Block 6",
	"image": "img/Virtual6-Dark/brangusglee.gif",
	"lore": "Elder of a dextrous race of renowned travelers. Gambler. Frequents casinos, bars and spaceports. Originally from distant planet Dor Nameth",
	"rarity": "R",
	"text": "Adds 2 to power of anything he pilots.  Deploys -1 and forfeit +1 at a docking bay or aboard a starship.  During your control phase, if at a battleground, may use 1 force (free if at Casino) to exchange a card in hand with a random card in Lost Pile.  Immune to attrition < 3.(Original concept by Bill Kafer - League Cube Tournament 2009)",
	"icons": "Pilot  [Warrior]  [Special Edition]",
	"destiny": "3",
	"power": "2",
	"ability": "4",
	"deploy": "3",
	"forfeit": "4",
	"uniqueness": "•"
}
