﻿{
	"name": "Bravo 3",
	"id": "bravo3",
	"side": "LS",
	"type": "Starship",
	"subtype": "Starfighter",
	"card_set": "Theed Palace",
	"image": "img/TheedPalace-Light/bravo3.gif",
	"lore": "Arven Wendiks starfighter at the Battle of Naboo. Oldest starfighter in the Naboo corps.",
	"rarity": "U",
	"text": "Deploys - 1 to Naboo. May add one pilot. While Arven piloting, immune to attrition < 4. While at Naboo system, opponents battle destiny draws are - 1 here.",
	"icons": "[Republic]  [Nav Computer]  [Episode 1]",
	"destiny": "2",
	"power": "2",
	"deploy": "1",
	"forfeit": "3",
	"hyperspeed": "3",
	"maneuver": "4",
	"uniqueness": "•",
	"modelType": "N-1 Starfighter"
}
