﻿{
	"name": "Bravo 1",
	"id": "bravo1",
	"side": "LS",
	"type": "Starship",
	"subtype": "Starfighter",
	"card_set": "Theed Palace",
	"image": "img/TheedPalace-Light/bravo1.gif",
	"lore": "Ric Olies starfighter at the battle of Naboo. Conrtol configuration modified by Ric himself.",
	"rarity": "R",
	"text": "Deploys -1 to Naboo. May add 1 pilot. While Ric piloting, immune to attrition < 4 and draws one battle destiny if unable to otherwise.",
	"icons": "[Republic]  [Nav Computer]  [Episode 1]",
	"destiny": "3",
	"power": "2",
	"deploy": "1",
	"forfeit": "3",
	"hyperspeed": "3",
	"maneuver": "4",
	"uniqueness": "•",
	"modelType": "N-1 Starfighter"
}
