﻿{
	"name": "Bravo Fighter (V)",
	"id": "bravofighter-v",
	"side": "LS",
	"type": "Starship",
	"subtype": "Starfighter",
	"card_set": "Virtual Block 5",
	"image": "img/Virtual5-Light/bravofighter.gif",
	"lore": "Flown by an unknown pilot who likes to spin a lot. Played the deciding role in the attack against the Droid Control Ship.",
	"rarity": "C",
	"text": "May add one astromech. During battle, may target a starship with no character piloting. Draw destiny. If destiny > defense value, target hit. Permanent pilot provides ability of 4. Immune to attrition < 3.",
	"icons": "[Republic]  Pilot  [Nav Computer]  [Episode 1]  [Theed Palace]",
	"destiny": "3",
	"power": "3",
	"deploy": "3",
	"forfeit": "4",
	"hyperspeed": "3",
	"maneuver": "5",
	"uniqueness": "•",
	"modelType": "N-1 Starfighter"
}
