﻿{
	"name": "Bravo 2",
	"id": "bravo2",
	"side": "LS",
	"type": "Starship",
	"subtype": "Starfighter",
	"card_set": "Theed Palace",
	"image": "img/TheedPalace-Light/bravo2.gif",
	"lore": "Starfighter assigned to Officer Dolphe at the battle of Naboo. Damaged when the Trade Federation first invaded his planet, but Dolphe was able to make the necessary repairs.",
	"rarity": "U",
	"text": "Deploys -1 to Naboo. May add 1 pilot. While Dolphe piloting, immune to attrition < 4. While at Naboo system, your Bravo Squadron pilots at same system are forfeit +2.",
	"icons": "[Republic]  [Nav Computer]  [Episode 1]",
	"destiny": "2",
	"power": "2",
	"deploy": "1",
	"forfeit": "3",
	"hyperspeed": "3",
	"maneuver": "4",
	"uniqueness": "•",
	"modelType": "N-1 Starfighter"
}
