﻿{
	"name": "Bravo 4",
	"id": "bravo4",
	"side": "LS",
	"type": "Starship",
	"subtype": "Starfighter",
	"card_set": "Theed Palace",
	"image": "img/TheedPalace-Light/bravo4.gif",
	"lore": "Flown by Rya Kirsch at the Battle of Naboo. Bravo 4 was primarily used as a recon vessel before it began its assault on the Trade Federations Droid Control Ship.",
	"rarity": "U",
	"text": "Deploys -1 to Naboo. May add 1 pilot. While Rya piloting, immune to attrition < 4. While at Naboo system, adds 1 to each of your Force drains there.",
	"icons": "[Republic]  [Nav Computer]  [Episode 1]",
	"destiny": "2",
	"power": "2",
	"deploy": "1",
	"forfeit": "3",
	"hyperspeed": "3",
	"maneuver": "4",
	"uniqueness": "•",
	"modelType": "N-1 Starfighter"
}
