﻿{
	"name": "Bravo 5",
	"id": "bravo5",
	"side": "LS",
	"type": "Starship",
	"subtype": "Starfighter",
	"card_set": "Theed Palace",
	"image": "img/TheedPalace-Light/bravo5.gif",
	"lore": "Ellbergers starfighter at the battle of Naboo has excellent evasion capabilities, and can remain a threat to its target for as long as possible.",
	"rarity": "U",
	"text": "Deploys -1 to Naboo. May add 1 pilot. While Ellberger piloting, immune to attrition < 3. While at Naboo, opponents battleships present are power -1.",
	"icons": "[Republic]  [Nav Computer]  [Episode 1]",
	"destiny": "2",
	"power": "2",
	"deploy": "1",
	"forfeit": "3",
	"hyperspeed": "3",
	"maneuver": "5",
	"uniqueness": "•",
	"modelType": "N-1 Starfighter"
}
