﻿{
	"name": "Bravo Fighter",
	"id": "bravofighter",
	"side": "LS",
	"type": "Starship",
	"subtype": "Starfighter",
	"card_set": "Theed Palace",
	"image": "img/TheedPalace-Light/bravofighter.gif",
	"lore": "Flown by an unknown pilot who likes to spin a lot. Played the deciding role in the attack against the Droid Control Ship.",
	"rarity": "C",
	"text": "Permanent pilot provides ability of 3. During your control phase, if landed aboard Blockade Flagship, may draw one destiny. If destiny > 6, place Bravo Fighter in your Used Pile; Flagship blown away.",
	"icons": "[Republic]  Anakin Pilot  [Nav Computer]  [Episode 1]",
	"destiny": "3",
	"power": "2",
	"deploy": "2",
	"forfeit": "3",
	"hyperspeed": "3",
	"maneuver": "4",
	"uniqueness": "•",
	"modelType": "N-1 Starfighter"
}
