﻿{
	"name": "Breached Defenses",
	"id": "breacheddefenses",
	"side": "DS",
	"type": "Effect",
	"subtype": "Immediate",
	"card_set": "Hoth",
	"image": "img/Hoth-Dark/breacheddefenses.gif",
	"lore": "Imperial troops have entered the base! Imperial troops have entered-",
	"rarity": "U2",
	"text": "If an Imperial just moved to an Echo site, deploy on your side of table. While you have presence at an Echo site, your total power is +1 in battles at Hoth sites.",
	"destiny": "4",
	"uniqueness": "•"
}
