﻿{
	"name": "Breached Defenses & Molator",
	"id": "breacheddefenses&molator",
	"side": "DS",
	"type": "Effect",
	"card_set": "Virtual Block 6",
	"image": "img/Virtual6-Dark/breacheddefenses&molator.gif",
	"rarity": "U2",
	"text": "Deploy on table.  Once per game, unless [Virtual] Crossfire on table (or out of play), may use 3 Force to take an Effect that deploys on a location (except Expand the Empire) into hand from Reserve Deck; reshuffle.  If your character or non-[Independent Starship] starship in battle is about to be lost before the damage segment, it is instead lost at the end of battle (if forfeited, forfeit for 0).  Your non-Dark Jedi characters without [Permanent Weapon] or [Maintenance] are immune to Goo Nee Tay.  May not be canceled. (Immune to Alter.)",
	"icons": "[Hoth]",
	"destiny": "1",
	"uniqueness": "•"
}
