﻿{
	"name": "Bren Quersey",
	"id": "brenquersey",
	"side": "LS",
	"type": "Character",
	"subtype": "Rebel",
	"card_set": "Special Edition",
	"image": "img/SpecialEdition-Light/brenquersey.gif",
	"lore": "Piloted Red 8 at the Battle of Yavin. Dreamed of attending the prestigious Raithal Academy. Trained on X-wings by Wedge Antilles.",
	"rarity": "U",
	"text": "Adds 2 to anything he pilots. When piloting Red 8 during battle, adds one destiny to total power only. When at Raithal system, adds 1 to each of your Force drains there.",
	"icons": "Pilot",
	"destiny": "2",
	"power": "2",
	"ability": "2",
	"deploy": "2",
	"forfeit": "4",
	"uniqueness": "•"
}
