﻿{
	"name": "Brief Loss Of Control (V)",
	"id": "brieflossofcontrol-v",
	"side": "DS",
	"type": "Interrupt",
	"subtype": "Used Or Lost",
	"card_set": "Virtual Block 2",
	"image": "img/Virtual2-Dark/brieflossofcontrol.gif",
	"lore": "Eliciting fear from the opponent gives the dark side a powerful advantage.",
	"rarity": "R",
	"text": "USED: Once per game, during opponents activate phase, target a location. Opponent is prevented from controlling that location (and loses senate majority if targeting Galactic Senate) for remainder of turn.LOST: Cancel Control.",
	"icons": "[Cloud City]",
	"destiny": "3",
	"uniqueness": "•"
}
