﻿{
	"name": "Brief Loss Of Control",
	"id": "brieflossofcontrol",
	"side": "DS",
	"type": "Interrupt",
	"subtype": "Lost",
	"card_set": "Cloud City",
	"image": "img/CloudCity-Dark/brieflossofcontrol.gif",
	"lore": "Eliciting fear from the opponent gives the dark side a powerful advantage.",
	"rarity": "R",
	"text": "Just after the weapons phase of a battle, use 2 Force to cause each player to target one of that players characters involved in the battle. Target characters cannot apply their ability toward drawing battle destiny this turn.",
	"destiny": "3",
	"uniqueness": "•"
}
