﻿{
	"name": "Bright Hope (V)",
	"id": "brighthope-v",
	"side": "LS",
	"type": "Starship",
	"subtype": "Capital",
	"card_set": "Virtual Block 2",
	"image": "img/Virtual2-Light/brighthope.gif",
	"lore": "Modified medium transport. Well armored. Has expanded passenger capacity to facilitate evacuation. The last transport to escape Hoth. Nearly destroyed by the Stalker.",
	"rarity": "R",
	"text": "May add 2 pilots and 6 passengers. Permanent pilot provides ability of 2. During battle, if with a Rebel capital starship, may use 1 Force to cancel a just drawn battle destiny.",
	"icons": "Pilot  [Nav Computer]  [Scomp Link]  [Cloud City]",
	"destiny": "3",
	"power": "2",
	"deploy": "3",
	"forfeit": "5",
	"hyperspeed": "5",
	"uniqueness": "•",
	"modelType": "Transport",
	"armor": "4"
}
