﻿{
	"name": "Bright Hope",
	"id": "brighthope",
	"side": "LS",
	"type": "Starship",
	"subtype": "Capital",
	"card_set": "Cloud City",
	"image": "img/CloudCity-Light/brighthope.gif",
	"lore": "Modified medium transport. Well armored. Has expanded passenger capacity to facilitate evacuation. The last transport to escape Hoth. Nearly destroyed by the Stalker.",
	"rarity": "R",
	"text": "May add 1 pilot, 6 passengers and 1 vehicle. Deploys and moves like a starfighter. Has ship-docking capability. Permanent pilot aboard provides ability of 1.",
	"icons": "Pilot  [Nav Computer]  [Scomp Link]",
	"destiny": "3",
	"power": "1",
	"deploy": "3",
	"forfeit": "5",
	"hyperspeed": "4",
	"uniqueness": "•",
	"modelType": "Transport",
	"armor": "4"
}
