﻿{
	"name": "Bring Him Before Me / Take Your Father's Place",
	"id": "bringhimbeforeme",
	"side": "DS",
	"type": "Objective",
	"card_set": "Death Star II",
	"image": "img/starwars/DeathStarII-Dark/bringhimbeforeme/takeyourfathersplace.gif",
	"rarity": "R",
	"destiny": "0/7",
	"objectiveText1": "Deploy Throne Room, Insignificant Rebellion and Your Destiny. {For} remainder of game, Scanning Crew may not be played. Opponent's cards that place a character out of play may not target Luke. You may deploy Emperor (deploy -2) from Reserve Deck; reshuffle. Opponent may deploy Luke from Reserve Deck (deploy -2; reshuffle) or Lost Pile. If Luke is present with Vader and Vader is not escorting a captive, Luke is captured and seized by Vader. Vader may not transfer Luke. {Flip} this card if Luke captured.",
	"objectiveText2": "{While} this side up, lose 1 Force at end of each of your turns. Once during each of your turns, when Vader, Luke (even as a non-frozen captive) and Emperor are all present at your Throne Room, you may initiate a Luke/Vader duel: Each player draws two destiny. Add ability. Highest total wins. If Vader wins, opponent loses 3 Force. If Luke wins, shuffle Reserve Deck and draw destiny; if destiny > 12, Luke crosses to Dark Side, totally depleting opponent's Life Force. {Flip} if Luke neither present with Vader nor a captive.",
	"objectiveFrontName": "Bring Him Before Me",
	"objectiveBackName": "Take Your Father's Place"
}
