﻿{
	"name": "Brisky Morning Munchen",
	"id": "briskymorningmunchen",
	"side": "LS",
	"type": "Effect",
	"card_set": "Tatooine",
	"image": "img/Tatooine-Light/briskymorningmunchen.gif",
	"lore": "Den boom! Getten berry scared, and grabben dat Jedi, and pow! Mesa here. Huh! Mesa getten berry, berry scared. Mm.",
	"rarity": "R",
	"text": "Deploy on table. Once per game, may deploy Jar Jar from Reserve Deck; reshuffle. If you just lost Jar Jar from a site, may place him here. At any time, may use 3 Force to take Jar Jar from here into hand. Episode I",
	"icons": "[Episode 1]",
	"destiny": "3",
	"uniqueness": "•"
}
