﻿{
	"name": "Broken Concentration (V)",
	"id": "brokenconcentration-v",
	"side": "DS",
	"type": "Effect",
	"card_set": "Virtual Block 6",
	"image": "img/Virtual6-Dark/brokenconcentration.gif",
	"lore": "To effectively use the Force, a Jedi is required to learn concentration. A Jedi who gives in to distraction places both himself and his friends in peril.",
	"rarity": "R",
	"text": "Deploy on table.  Cancels game text of [Reflections III] Naboo sites.  Training destiny draws are -X, where X = apprentices ability - Jedi Test Number.  Once per game, may place this Effect out of play to reduce your battle damage by 4.  Immune to NOOOOOOOOOOOO!.  (Immune to Alter.)",
	"icons": "[Dagobah]",
	"destiny": "3",
	"uniqueness": "•"
}
