﻿{
	"name": "Broken Concentration",
	"id": "brokenconcentration",
	"side": "DS",
	"type": "Effect",
	"card_set": "Dagobah",
	"image": "img/Dagobah-Dark/brokenconcentration.gif",
	"lore": "To effectively use the Force, a Jedi is required to learn concentration. A Jedi who gives in to distraction places both himself and his friends in peril.",
	"rarity": "R",
	"text": "Deploy on your side of table. Apprentices subtract X from training destiny, where X = ability - Jedi Test number (minimum zero). Also, once per turn, you may use 2 Force to move the top card of opponents Force Pile to the top of opponents Reserve Deck.",
	"destiny": "3",
	"uniqueness": "•"
}
