﻿{
	"name": "Bron Burs",
	"id": "bronburs",
	"side": "LS",
	"type": "Character",
	"subtype": "Alien",
	"card_set": "Special Edition",
	"image": "img/SpecialEdition-Light/bronburs.gif",
	"lore": "Ugly scars cover this former commando from southern Nentan. Likes to be on his own. Crack shot. Off and on partner of Debnoli. Relies on intuition to survive.",
	"rarity": "R",
	"text": "When alone at a site, draws one battle destiny if not able to otherwise. Adds 1 to each of his weapon destiny draws. Immune to attrition < X, where X=number of Imperials present.",
	"icons": "[Warrior]",
	"destiny": "3",
	"power": "2",
	"ability": "3",
	"deploy": "3",
	"forfeit": "3",
	"uniqueness": "•"
}
