﻿{
	"name": "Bron Burs (V)",
	"id": "bronburs-v",
	"side": "LS",
	"type": "Character",
	"subtype": "Alien",
	"card_set": "Virtual Block 1",
	"image": "img/Virtual1-Light/bronburs.gif",
	"lore": "Ugly scars cover this former commando from southern Nentan. Likes to be on his own. Crack shot. Off and on partner of Debnoli. Relies on intuition to survive.",
	"rarity": "R",
	"text": "Draws one battle destiny if unable to otherwise. While present at opponents non-docking bay site, cancels its Dark Side game text. Blaster Rifle is a matching weapon for Bron.(Errata Text - September 9th, 2009)",
	"icons": "[Warrior]  [Special Edition]",
	"destiny": "3",
	"power": "2",
	"ability": "3",
	"deploy": "2",
	"forfeit": "4",
	"uniqueness": "•"
}
