﻿{
	"name": "Bubo",
	"id": "bubo",
	"side": "DS",
	"type": "Creature",
	"card_set": "Jabba's Palace",
	"image": "img/JabbasPalace-Dark/bubo.gif",
	"lore": "Watchbeast. Unwittingly foiled Ree Yees plot to kill Jabba with a thermal detonator when it ate a crucial component. Louder than it is tough. Keeps watch for unwary intruders.",
	"rarity": "U",
	"text": "Habitat: planet sites (except Hoth). Does not attack your characters. When at a Jabbas palace site, prevents opponents characters from using their landspeed.",
	"destiny": "4",
	"power": "4",
	"deploy": "3",
	"forfeit": "0",
	"uniqueness": "•",
	"modelType": "Guard",
	"creatureDV": "5"
}
