﻿{
	"name": "B-wing Bomber",
	"id": "bwingbomber",
	"side": "LS",
	"type": "Starship",
	"subtype": "Starfighter",
	"card_set": "Death Star II",
	"image": "img/DeathStarII-Light/bwingbomber.gif",
	"lore": "Carries weapon systems capable of taking on escort frigates and capital starships. Armed with high-powered ion cannon used to disable deflector shields.",
	"rarity": "C",
	"text": "May add 1 pilot (suspends permanent pilot). Permanent pilot provides ability of 1. May fire two or more weapons during battle. Each of its ion cannon weapon destiny draws is +3.",
	"icons": "Pilot  [Nav Computer]  [Scomp Link]",
	"destiny": "3",
	"power": "4",
	"deploy": "3",
	"forfeit": "4",
	"hyperspeed": "3",
	"maneuver": "2",
	"modelType": "B-Wing"
}
