﻿{
	"name": "B-wing Attack Squadron",
	"id": "bwingattacksquadron",
	"side": "LS",
	"type": "Starship",
	"subtype": "Squadron",
	"card_set": "Death Star II",
	"image": "img/DeathStarII-Light/bwingattacksquadron.gif",
	"lore": "Utilizes dense formations on attack mission to concentrate firepower. This tactic is particulary effective in defeating deflector shields.",
	"rarity": "R",
	"text": "* Replaces 3 B-Wings at one location (B-wings go to Used Pile). Permanent pilots provide total ability of 3. Each of its weapon destiny draws is +1.",
	"icons": "Pilot x3  [Nav Computer] x3  [Scomp Link] x3",
	"destiny": "3",
	"power": "12",
	"deploy": "*",
	"forfeit": "12",
	"hyperspeed": "3",
	"maneuver": "2",
	"modelType": "B-Wing"
}
