﻿{
	"name": "B-wing Attack Fighter",
	"id": "bwingattackfighter",
	"side": "LS",
	"type": "Starship",
	"subtype": "Starfighter",
	"card_set": "Special Edition",
	"image": "img/SpecialEdition-Light/bwingattackfighter.gif",
	"lore": "First models designed in Roche asteroid field by Admiral Ackbars team of Verpine engineers. Early design equipped to detect and neutralize Imperial orbital mines.",
	"rarity": "F",
	"text": "Permanent pilot provides ability of 1. May fire 2 or more weapons during battle. Each of its destiny draws is +1. During your turn, may use 1 Force to defuse (lose) an Orbital Mine present.",
	"icons": "Pilot  [Nav Computer]  [Scomp Link]",
	"destiny": "3",
	"power": "4",
	"deploy": "3",
	"forfeit": "4",
	"hyperspeed": "3",
	"maneuver": "2",
	"modelType": "B-Wing"
}
