﻿{
	"name": "C-3PO (See-Threepio)",
	"id": "c3po",
	"side": "LS",
	"type": "Character",
	"subtype": "Droid",
	"card_set": "Premiere",
	"image": "img/Premiere-Light/c3po.gif",
	"lore": "Cybot Galactica 3PO human-cyborg relations droid. Fluent in over six million forms of communication. 112 years old. Has never been memorywiped... as far as he knows.",
	"rarity": "R1",
	"text": "Total power at same site is +2 for each of your droid/Rebel pairs present, including C-3PO. R2-D2 is forfeit +2 when present.",
	"destiny": "3",
	"power": "1",
	"deploy": "3",
	"forfeit": "4",
	"uniqueness": "•",
	"modelType": "Protocol"
}
