﻿{
	"name": "C-3PO (See-Threepio) (V)",
	"id": "c3po-v",
	"side": "LS",
	"type": "Character",
	"subtype": "Droid",
	"card_set": "Virtual Block 1",
	"image": "img/Virtual1-Light/c3po.gif",
	"lore": "Cybot Galactica 3PO human-cyborg relations droid. Fluent in over six million forms of communication. 112 years old. Has never been memorywiped... as far as he knows.",
	"rarity": "R1",
	"text": "During a battle at a site with R2-D2, may not be targeted by weapons, and may draw one destiny; subtract that amount from opponents total power. Once per game, may place all your non-Immune to Alter Effects on table in Used Pile.",
	"destiny": "3",
	"power": "1",
	"deploy": "3",
	"forfeit": "4",
	"uniqueness": "•",
	"modelType": "Protocol"
}
