﻿{
	"name": "Cad Bane",
	"id": "cadbane",
	"side": "DS",
	"type": "Character",
	"subtype": "Alien",
	"card_set": "Virtual Block 6",
	"image": "img/Virtual6-Dark/cadbane.gif",
	"lore": "Bounty Hunter",
	"rarity": "C",
	"text": "Adds 2 to power of anything he pilots.  Ponda Babas Hold-out Blaster deploys and fires for free on Bane.  Once per turn, if Bane just used a weapon to hit a character, may annihilate target (target is placed out of play when forfeited this battle).",
	"icons": "Pilot  [Warrior]  [Episode 1]",
	"destiny": "1",
	"power": "4",
	"ability": "2",
	"deploy": "4",
	"forfeit": "4",
	"uniqueness": "•"
}
