﻿{
	"name": "Cal Alder",
	"id": "calalder",
	"side": "LS",
	"type": "Character",
	"subtype": "Rebel",
	"card_set": "Hoth",
	"image": "img/Hoth-Light/calalder.gif",
	"lore": "An expert Scout originally from KaiShebbol in the Kathol sector. Served with Bren Derlin for many years. Patrols the outer perimeter of Echo Base.",
	"rarity": "U2",
	"text": "Power +1 at Defensive Perimeter. Your vehicles move for free if moving toward same site as Cal.",
	"icons": "[Warrior]",
	"destiny": "2",
	"power": "2",
	"ability": "1",
	"deploy": "2",
	"forfeit": "3",
	"uniqueness": "•"
}
