﻿{
	"name": "Caldera Righim",
	"id": "calderarighim",
	"side": "LS",
	"type": "Character",
	"subtype": "Alien",
	"card_set": "Tatooine",
	"image": "img/Tatooine-Light/calderarighim.gif",
	"lore": "Male Talz. Somewhat of a pacifist, Caldera has always been an opponent to violence in the cantina. Personal friend of Wuher.",
	"rarity": "C",
	"text": "Unless Great Warrior on table, opponent must have total ability < 8 to initiate a battle at same site. Also, whenever a battle is initiated at same site both players may draw up to 2 cards from top of their Reserve Deck.",
	"destiny": "2",
	"power": "2",
	"ability": "2",
	"deploy": "3",
	"forfeit": "3",
	"uniqueness": "•"
}
