﻿{
	"name": "Caller",
	"id": "caller_(ds)",
	"side": "DS",
	"type": "Device",
	"card_set": "Premiere",
	"image": "img/Premiere-Dark/caller.gif",
	"lore": "Hand-held device that commands restraining bolt. Each caller can be keyed to a specific bolt. Used throughout the galaxy. Also called owners.",
	"rarity": "U2",
	"text": "Deploy on Imperial or Jawa. During your control phase, may steal one droid at same site if it is controlled by a Restraining Bolt. After droid is stolen, Restraining Bolt returns to owners hand.",
	"destiny": "6"
}
