﻿{
	"name": "Caller",
	"id": "caller_(ls)",
	"side": "LS",
	"type": "Device",
	"card_set": "Premiere",
	"image": "img/Premiere-Light/caller.gif",
	"lore": "Hand-held device that can remotely command restraining bolt. Each caller can be keyed to specific bolt. Used by many species. Also called restraining bolt activators.",
	"rarity": "U2",
	"text": "Deploy on a Rebel or Jawa. During your control phase, may steal one droid at same site if it is controlled by a Restraining Bolt. After droid is stolen, Restraining Bolt returns to owners hand.",
	"destiny": "6"
}
