﻿{
	"name": "Camie",
	"id": "camie",
	"side": "LS",
	"type": "Character",
	"subtype": "Alien",
	"card_set": "Special Edition",
	"image": "img/SpecialEdition-Light/camie.gif",
	"lore": "Friend of Luke and Biggs. Fixers girlfriend. Lives in Anchorhead. Feels sorry for Luke, but still calls him Wormie. Her parents have underground hydroponics gardens.",
	"rarity": "R",
	"text": "Deploys free to Anchorhead. Forfeit +1 when present with Fixer. Once during each of your deploy phases, may deploy Luke (of power < 4), Biggs or Fixer to same Tatooine site from Reserve Deck; reshuffle.",
	"destiny": "2",
	"power": "1",
	"ability": "2",
	"deploy": "1",
	"forfeit": "3",
	"uniqueness": "•"
}
