﻿{
	"name": "Cane Adiss",
	"id": "caneadiss",
	"side": "DS",
	"type": "Effect",
	"subtype": "Immediate",
	"card_set": "Jabba's Palace",
	"image": "img/JabbasPalace-Dark/caneadiss.gif",
	"lore": "Adventurous pilot. Boasts to Jabba that he has traveled to every uncharted planet in the galaxy. Has been hired by the Empire to keep an eye out for Rebel activity.",
	"rarity": "U",
	"text": "If opponent just initiated a Force drain at a non-shielded planet location, deploy on that location. Your characters, vehicles and starships may deploy here regardless of presence and location deployment restrictions. (Immune to Control.)",
	"destiny": "4"
}
