﻿{
	"name": "Cane Adiss (V)",
	"id": "caneadiss-v",
	"side": "DS",
	"type": "Effect",
	"subtype": "Immediate",
	"card_set": "Virtual Block 3",
	"image": "img/Virtual3-Dark/caneadiss.gif",
	"lore": "Adventurous pilot. Boasts to Jabba that he has traveled to every uncharted planet in the galaxy. Has been hired by the Empire to keep an eye out for Rebel activity.",
	"rarity": "U",
	"text": "If opponent just Force drained at their non-battleground site (or anywhere for more than 2 Force), deploy on that location. Your characters and vehicles may deploy (for -1 Force each) here regardless of location deployment restrictions. If you control this location, place this card in Used Pile; opponent loses 2 Force. (Immune to Control.)(Errata Text - September 9th, 2009)",
	"icons": "[Jabba's Palace]",
	"destiny": "4",
	"uniqueness": "<>"
}
