﻿{
	"name": "Cantina Brawl",
	"id": "cantinabrawl",
	"side": "LS",
	"type": "Interrupt",
	"subtype": "Lost",
	"card_set": "Premiere",
	"image": "img/Premiere-Light/cantinabrawl.gif",
	"lore": "...watch your step. This place can be a little rough. The Mos Eisley Cantina harbors smugglers, thieves, cutthroats, criminals and bounty hunters!",
	"rarity": "R1",
	"text": "Use 2 Force to cause a fight to break out in the Cantina. Both players draw destiny. All characters in Cantina with an ability number matching either destiny draw are lost.",
	"destiny": "5"
}
