﻿{
	"name": "Captain Rex, 501st Legion",
	"id": "captainrex501stlegion",
	"side": "LS",
	"type": "Character",
	"subtype": "Republic",
	"card_set": "Virtual Block 9",
	"image": "img/Virtual9-Light/captainrex501stlegion.gif",
	"lore": "Leader. Clone trooper.",
	"rarity": "U1",
	"text": "Your clones deploy -1 here. While at an [Episode 1] battleground site, adds one battle destiny. Permanent weapon is •Twin Blasters (may target a character for free; draw two destiny; target hit and forfeit -3 if total destiny -2 > defense value).",
	"icons": "[Warrior]  [Permanent Weapon]  Clone Army",
	"destiny": "2",
	"power": "3",
	"ability": "3",
	"deploy": "4",
	"forfeit": "4",
	"uniqueness": "•",
	"armor": "4"
}
