﻿{
	"name": "Captain Gilad Pellaeon",
	"id": "captaingileadpellaeon",
	"side": "DS",
	"type": "Character",
	"subtype": "Imperial",
	"card_set": "Reflections II",
	"image": "img/ReflectionsII-Dark/captaingileadpellaeon.gif",
	"lore": "Corellian leader. Lied about his age to enter the Academy. Took command of Chimaera when its captain was killed at the Battle of Endor. Admires Grand Admiral Thrawn.",
	"rarity": "PM",
	"text": "Deploys for free to Thrawns location. Each other Imperial aboard same capital starship is forfeit +2. Adds 2 to power of any capital starship he pilots (3 if Chimaera). While aboard Chimaera with Thrawn, also adds 2 to that starships armor and hyperspeed.",
	"icons": "Pilot",
	"destiny": "2",
	"power": "3",
	"ability": "3",
	"deploy": "3",
	"forfeit": "5",
	"uniqueness": "•"
}
