﻿{
	"name": "Captain Verrack",
	"id": "captainverrack",
	"side": "LS",
	"type": "Character",
	"subtype": "Rebel",
	"card_set": "Death Star II",
	"image": "img/DeathStarII-Light/captainverrack.gif",
	"lore": "Mon Calamari computer technician. Expert in power systems. His skills are desperately needed by Rebel fleet. Gunner.",
	"rarity": "U",
	"text": "Allows your starship weapons at same location to fire and deploy for 1 less Force. While aboard your capital starship, adds 1 to each of its weapon destiny draws (2 when targeting a capital starship).",
	"destiny": "3",
	"power": "2",
	"ability": "2",
	"deploy": "2",
	"forfeit": "4",
	"uniqueness": "•"
}
