﻿{
	"name": "Captain Yorr",
	"id": "captainyorr",
	"side": "DS",
	"type": "Character",
	"subtype": "Imperial",
	"card_set": "Death Star II",
	"image": "img/DeathStarII-Dark/captainyorr.gif",
	"lore": "Former member of Imperial Demonstration Team. Flew test flights during development of various TIE prototypes. Jendons wingman. Has scored 24 combat victories.",
	"rarity": "U",
	"text": "Adds 2 to power of anything he pilots (3 if a starfighter). When piloting a TIE Defender and with Jendon, adds one battle destiny.",
	"icons": "Pilot",
	"destiny": "2",
	"power": "2",
	"ability": "2",
	"deploy": "2",
	"forfeit": "3",
	"uniqueness": "•"
}
