﻿{
	"name": "Captain Godherdt",
	"id": "captaingodherdt",
	"side": "DS",
	"type": "Character",
	"subtype": "Imperial",
	"card_set": "Death Star II",
	"image": "img/DeathStarII-Dark/captaingodherdt.gif",
	"lore": "Elite fleet engineer. Technically brilliant. Key operator of magnetic signature sensors monitoring Star Destroyer hulls.",
	"rarity": "U",
	"text": "Adds 3 to power of any capital starship he pilots. While aboard a Star Destroyer, adds 1 to armor, adds 1 to hyperspeed and, once during each of your move phases, may cancel Landing Claw at same system or sector.",
	"icons": "Pilot  [Warrior]",
	"destiny": "3",
	"power": "2",
	"ability": "2",
	"deploy": "2",
	"forfeit": "3",
	"uniqueness": "•"
}
