﻿{
	"name": "Captain Sarkli",
	"id": "captainsarkli",
	"side": "DS",
	"type": "Character",
	"subtype": "Imperial",
	"card_set": "Death Star II",
	"image": "img/DeathStarII-Dark/captainsarkli.gif",
	"lore": "Pietts nephew. Once granted audience with Emperor. On fast-track to promotion. Absolutely fearless spy.",
	"rarity": "R",
	"text": "Adds 2 to power of anything he pilots. While he controls opponents non-battleground location, opponent generates no Force here. While he occupies opponents Subjugated system, Liberation is flipped and Local Uprising may not be flipped.",
	"icons": "Pilot  [Warrior]",
	"destiny": "2",
	"power": "2",
	"ability": "2",
	"deploy": "2",
	"forfeit": "3",
	"uniqueness": "•"
}
