﻿{
	"name": "Captain Khurgee",
	"id": "captainkhurgee",
	"side": "DS",
	"type": "Character",
	"subtype": "Imperial",
	"card_set": "A New Hope",
	"image": "img/ANewHope-Dark/captainkhurgee.gif",
	"lore": "Docking bay security officer. Leader. Honored for bravery aboard the Star Destroyer Thunderflare where he rescued five officers from the wreckage of a shuttle crash.",
	"rarity": "U1",
	"text": "Once during each of your control phases, you may use 2 Force to take one Scanning Crew into hand from Reserve Deck; reshuffle.",
	"icons": "[Warrior]",
	"destiny": "2",
	"power": "2",
	"ability": "2",
	"deploy": "3",
	"forfeit": "3",
	"uniqueness": "•"
}
