﻿{
	"name": "Captain Piett",
	"id": "captainpiett",
	"side": "DS",
	"type": "Character",
	"subtype": "Imperial",
	"card_set": "Hoth",
	"image": "img/Hoth-Dark/captainpiett.gif",
	"lore": "Captain on the Executor. Monitored probe droid telemetry. His flawless record of arrests and suppressions has contributed to an impressive rise through the ranks.",
	"rarity": "R2",
	"text": "Power +1 when at same site as Vader. Adds 2 to power of anything he pilots (3 if starship is Executor). May use 1 Force to take one Probe Droid into hand from Reserve Deck; reshuffle.",
	"icons": "Pilot",
	"destiny": "2",
	"power": "2",
	"ability": "3",
	"deploy": "3",
	"forfeit": "4",
	"uniqueness": "•"
}
