﻿{
	"name": "Captain Panaka",
	"id": "captainpanaka",
	"side": "LS",
	"type": "Character",
	"subtype": "Republic",
	"card_set": "Coruscant",
	"image": "img/Coruscant-Light/captainpanaka.gif",
	"lore": "Leader of Amidalas royal guard who personally supervised the Queens weapon and self-defense training. Served under Captain Magneta before his current assignment.",
	"rarity": "R",
	"text": "Deploys -1 to same site as Amidala. Once per game, may deploy a blaster on Panaka from Reserve Deck; reshuffle. Once per turn, if Panaka just fired a blaster and hit a character, opponent loses 2 Force.",
	"icons": "[Warrior]  [Episode 1]",
	"destiny": "2",
	"power": "4",
	"ability": "3",
	"deploy": "4",
	"forfeit": "6",
	"uniqueness": "•"
}
