﻿{
	"name": "Captain Lennox",
	"id": "captainlennox",
	"side": "DS",
	"type": "Character",
	"subtype": "Imperial",
	"card_set": "Hoth",
	"image": "img/Hoth-Dark/captainlennox.gif",
	"lore": "Captain of the Imperial Star Destroyer Tyrant. An able leader. Unlike most Imperial officers, he is dedicated to his ship and crew. Finds political maneuvering distasteful.",
	"rarity": "U1",
	"text": "Adds 2 to power of anything he pilots (3 if starship is Tyrant). When on a Star Destroyer, may use its tractor beam once during each of your control phases.",
	"icons": "Pilot  [Warrior]",
	"destiny": "2",
	"power": "2",
	"ability": "2",
	"deploy": "3",
	"forfeit": "5",
	"uniqueness": "•"
}
