﻿{
	"name": "Captain Bewil",
	"id": "captainbewil",
	"side": "DS",
	"type": "Character",
	"subtype": "Imperial",
	"card_set": "Cloud City",
	"image": "img/CloudCity-Dark/captainbewil.gif",
	"lore": "Tactical officer from Dentaal. Leader. Familiar with utilizing computer controls to lure an invading enemy into a tactically weak position.",
	"rarity": "R",
	"text": "During your control phase, may search your Reserve Deck, take one Laser Gate, Heart Of The Chasm or Rite Of Passage into hand and reshuffle. Opponents characters may not move from same site as Bewil to a mobile site.",
	"icons": "[Warrior]",
	"destiny": "3",
	"power": "2",
	"ability": "2",
	"deploy": "3",
	"forfeit": "4",
	"uniqueness": "•"
}
