﻿{
	"name": "Captain Tarpals",
	"id": "captaintarpals",
	"side": "LS",
	"type": "Character",
	"subtype": "Alien",
	"card_set": "Theed Palace",
	"image": "img/TheedPalace-Light/captaintarpals.gif",
	"lore": "Gungan leader of the forces that patrol and protect the city of Otoh Gunga. Consistantly placed in the top ten of the Big Nasty Free-For-All.",
	"rarity": "R",
	"text": "Adds 1 to power of your other Gungans at same site. Opponents characters may not move to underwater sites. Once per turn, if you just drew a Gungan for battle destiny, may deploy that Gungan for free to cancel that destiny and re-draw.",
	"icons": "[Warrior]  [Episode 1]",
	"destiny": "2",
	"power": "3",
	"ability": "3",
	"deploy": "3",
	"forfeit": "6",
	"uniqueness": "•"
}
