﻿{
	"name": "Captain Daultay Dofine",
	"id": "captaindaultaydofine",
	"side": "DS",
	"type": "Character",
	"subtype": "Republic",
	"card_set": "Theed Palace",
	"image": "img/TheedPalace-Dark/captaindaultaydofine.gif",
	"lore": "Neimoidian captain of the Trade Federation Droid Control Ship blockading Naboo. Cowardly, lazy, and extremely greedy.",
	"rarity": "R",
	"text": "Adds 3 to power of any capital starship he pilots. Once per game may take Activate The Droids into hand from Reserve Deck; reshuffle. While aboard Blockade Flagship, it is immune to attrition < 5 and Activate The Droids is immune to Alter.",
	"icons": "Pilot  [Episode 1]",
	"destiny": "1",
	"power": "3",
	"ability": "3",
	"deploy": "3",
	"forfeit": "5",
	"uniqueness": "•"
}
