﻿{
	"name": "Captain Yutani With Blaster Cannon",
	"id": "captainyutaniwithblastercannon",
	"side": "LS",
	"type": "Character",
	"subtype": "Rebel",
	"card_set": "Virtual Block 7",
	"image": "img/Virtual7-Light/captainyutaniwithblastercannon.gif",
	"lore": "Scout.",
	"rarity": "C1",
	"text": "Artillery weapons here are powered.  Permanent weapon is Blaster Cannon (may target a character, creature, or vehicle at same or adjacent site for free; draw destiny; target hit, and its forfeit = 0, if destiny +1 > defense value).",
	"icons": "[Warrior]  [Permanent Weapon]  [Hoth]",
	"destiny": "3",
	"power": "3",
	"ability": "1",
	"deploy": "3",
	"forfeit": "4",
	"uniqueness": "•"
}
