﻿{
	"name": "Captain Tarpals' Electropole",
	"id": "captaintarpalselectropole",
	"side": "LS",
	"type": "Weapon",
	"subtype": "Character",
	"card_set": "Theed Palace",
	"image": "img/TheedPalace-Light/captaintarpalselectropole.gif",
	"lore": "Tarpals electropole is nearly as old as he is. Used to enforce the laws of Otoh Gunga.",
	"rarity": "C",
	"text": "Deploys on Captain Tarpals. May throw (place in Used Pile) to target a character, creature or vehicle for free. Draw destiny. If destiny +3 > defense value, target is landspeed = 0 and power - 3 for remainder of turn.",
	"icons": "[Episode 1]",
	"destiny": "6",
	"uniqueness": "•"
}
