﻿{
	"name": "Captain Antilles",
	"id": "captainantilles",
	"side": "LS",
	"type": "Character",
	"subtype": "Rebel",
	"card_set": "Virtual Block 7",
	"image": "img/Virtual7-Light/captainantilles.gif",
	"rarity": "C3",
	"text": "Adds 2 to the power of anything he pilots, 3: any corvette. While piloting a corvette it is immune to attrition <5 and, once per turn, may peek at a card in opponents hand. Once per game, during battle (unless Vader here) may use 2 force to move ship away (for free).",
	"icons": "Pilot",
	"destiny": "3",
	"power": "2",
	"ability": "2",
	"deploy": "2",
	"forfeit": "4",
	"uniqueness": "•"
}
