﻿{
	"name": "Captain Lennox (V)",
	"id": "captainlennox-v",
	"side": "DS",
	"type": "Character",
	"subtype": "Imperial",
	"card_set": "Virtual Block 2",
	"image": "img/Virtual2-Dark/captainlennox.gif",
	"lore": "Captain of the Imperial Star Destroyer Tyrant. An able leader. Unlike most Imperial officers, he is dedicated to his ship and crew. Finds political maneuvering distasteful.",
	"rarity": "U1",
	"text": "Adds 3 to power of any Star Destroyer he pilots.  Deploys free aboard Tyrant, and, while aboard, draws one battle destiny if not able to otherwise and your total power here is +1 for each of opponents starfighters here.",
	"icons": "Pilot  [Warrior]  [Hoth]",
	"destiny": "2",
	"power": "2",
	"ability": "2",
	"deploy": "2",
	"forfeit": "5",
	"uniqueness": "•"
}
