﻿{
	"name": "Captain Yorr (V)",
	"id": "captainyorr-v",
	"side": "DS",
	"type": "Character",
	"subtype": "Imperial",
	"card_set": "Virtual Block 3",
	"image": "img/Virtual3-Dark/captainyorr.gif",
	"lore": "Former member of Imperial Demonstration Team. Flew test flights during development of various TIE prototypes. Jendons wingman. Has scored 24 combat victories.",
	"rarity": "U",
	"text": "Adds 2 to power of anything he pilots (3 if piloting any starfighter). If your starship participating in a battle is about to be excluded (even if that starship may not participate in battle) or made lost by opponent, you may choose for it to be hit instead.",
	"icons": "Pilot  [Death Star II]",
	"destiny": "2",
	"power": "2",
	"ability": "2",
	"deploy": "2",
	"forfeit": "3",
	"uniqueness": "•"
}
