﻿{
	"name": "Captain Madakor",
	"id": "captainmadakor",
	"side": "LS",
	"type": "Character",
	"subtype": "Republic",
	"card_set": "Coruscant",
	"image": "img/Coruscant-Light/captainmadakor.gif",
	"lore": "Captain of the Radiant VII. Has gained her rank through consistent excellent performance, and has one of the finest service records of all Republic officers.",
	"rarity": "R",
	"text": "Adds 2 to power of anything she pilots. While piloting Radiant VII and you have no other starships at same system, opponent may not draw more than one battle destiny here.",
	"icons": "Pilot  [Warrior]  [Episode 1]",
	"destiny": "2",
	"power": "2",
	"ability": "2",
	"deploy": "2",
	"forfeit": "5",
	"uniqueness": "•"
}
