﻿{
	"name": "Captive Fury",
	"id": "captivefury",
	"side": "LS",
	"type": "Interrupt",
	"subtype": "Used Or Lost",
	"card_set": "Cloud City",
	"image": "img/CloudCity-Light/captivefury.gif",
	"lore": "Chewies life debt to Han forced him to act, retaliating unexpectedly against his captors.",
	"rarity": "U",
	"text": "USED: Cancel Force drain bonus from IT-O this turn.LOST: During your battle phase, any of your escorted captives at same site may initiate and participate in one battle (they may not use weapons or devices and you may not voluntarily forfeit or relocate them).",
	"destiny": "4",
	"uniqueness": "•"
}
