﻿{
	"name": "Captain Verrack (V)",
	"id": "captainverrack-v",
	"side": "LS",
	"type": "Character",
	"subtype": "Rebel",
	"card_set": "Virtual Block 8",
	"image": "img/Virtual8-Light/captainverrack.gif",
	"lore": "Mon Calamari computer technician. Expert in power systems. His skills are desperately needed by Rebel fleet. Gunner.",
	"rarity": "U",
	"text": "Adds 1 to power of anything he pilots. While aboard your starship, adds 1 to its total weapon destiny. Whenever you hit a starship here, opponent loses 1 Force. During battle, may lose 1 Force to cancel [Coruscant] Watch Your Back!.",
	"icons": "Pilot",
	"destiny": "3",
	"power": "2",
	"ability": "2",
	"deploy": "2",
	"forfeit": "4",
	"uniqueness": "•"
}
