﻿{
	"name": "Captain Yutani",
	"id": "captainyutani",
	"side": "LS",
	"type": "Character",
	"subtype": "Rebel",
	"card_set": "Endor",
	"image": "img/Endor-Light/captainyutani.gif",
	"lore": "Scout and heavy weapons specialist. Carries custom repulsorlift compensators to allow fluid movement with light artillery weapons.",
	"rarity": "U",
	"text": "Once during each of your deploy phases, may deploy one artillery weapon or Portable Fusion Generator to same site from Reserve Deck; reshuffle. May move Medium Repeating Blaster Cannon by himself (for free).",
	"icons": "[Warrior]",
	"destiny": "3",
	"power": "3",
	"ability": "1",
	"deploy": "2",
	"forfeit": "3",
	"uniqueness": "•"
}
