﻿{
	"name": "Captain Jonus",
	"id": "captainjonus",
	"side": "DS",
	"type": "Character",
	"subtype": "Imperial",
	"card_set": "Death Star II",
	"image": "img/DeathStarII-Dark/captainjonus.gif",
	"lore": "Often flies as top cover during bombing runs. Served with Death Squadron. Narrowly escaped death by space slug. Scored several kills against rebel blockade runners.",
	"rarity": "U",
	"text": "Deploys -2 aboard Scimitar 2. Adds 2 to power of anything he pilots. When forfeited from a TIE/sa, also satisfies all remaining attrition and battle damage against you.",
	"icons": "Pilot",
	"destiny": "3",
	"power": "2",
	"ability": "2",
	"deploy": "2",
	"forfeit": "3",
	"uniqueness": "•"
}
