﻿{
	"name": "Captive Pursuit",
	"id": "captivepursuit",
	"side": "LS",
	"type": "Interrupt",
	"subtype": "Used Or Lost",
	"card_set": "Cloud City",
	"image": "img/CloudCity-Light/captivepursuit.gif",
	"lore": "Han could have used a hand. Fortunately, Luke still had one to give.",
	"rarity": "C",
	"text": "USED: If a battle was just initiated at a site, target a captive present. Captive released if you win battle.LOST: Cancel Aiiii! Aaa! Aggggggggggggg!, Sonic Bombardment, Interrogation Array, This Is Some Rescue or Special Delivery.",
	"destiny": "4"
}
