﻿{
	"name": "Captain Piett (V)",
	"id": "captainpiett-v",
	"side": "DS",
	"type": "Character",
	"subtype": "Imperial",
	"card_set": "Virtual Block 2",
	"image": "img/Virtual2-Dark/captainpiett.gif",
	"lore": "Captain on the Executor. Monitored probe droid telemetry. His flawless record of arrests and suppressions has contributed to an impressive rise through the ranks.",
	"rarity": "R2",
	"text": "Adds 2 to power of anything he pilots. Twice per game during opponents turn, may place three cards from hand on your Force Pile to draw top two cards from Reserve Deck.",
	"icons": "Pilot  [Hoth]",
	"destiny": "2",
	"power": "2",
	"ability": "3",
	"deploy": "3",
	"forfeit": "4",
	"uniqueness": "•"
}
