﻿{
	"name": "Captain Han Solo",
	"id": "captainhansolo",
	"side": "LS",
	"type": "Character",
	"subtype": "Rebel",
	"card_set": "Cloud City",
	"image": "img/CloudCity-Light/captainhansolo.gif",
	"lore": "Smuggler and scoundrel. His piloting abilities have become legend in the Rebellion. Intends to leave the Alliance to pay off Jabba the Hutt.",
	"rarity": "R",
	"text": "Deploys only on Falcon, Hoth or Cloud City. Adds 3 to power of anything he pilots. When piloting Falcon, adds one battle destiny and 2 to maneuver. Once during each battle, may use 2 Force to cancel one opponents destiny just drawn and cause a re-draw.",
	"icons": "Pilot  [Warrior]",
	"destiny": "1",
	"power": "4",
	"ability": "3",
	"deploy": "4",
	"forfeit": "7",
	"uniqueness": "•"
}
