﻿{
	"name": "Captain Khurgee (V)",
	"id": "captainkhurgee-v",
	"side": "DS",
	"type": "Character",
	"subtype": "Imperial",
	"card_set": "Virtual Block 9",
	"image": "img/Virtual9-Dark/captainkhurgee.gif",
	"lore": "Docking bay security officer. Leader. Honored for bravery aboard the Star Destroyer Thunderflare where he rescued five officers from the wreckage of a shuttle crash.",
	"rarity": "U1",
	"text": "Adds 2 to the power of anything he pilots. While at a battleground system, once during your turn may peek at top card of opponents Reserve Deck; if it is a Rebel, may lose 1 Force to make it lost. Forfeit +2 (to a maximum of 7) aboard Thunderflare or with a leader.",
	"icons": "[Warrior]  Pilot",
	"destiny": "2",
	"power": "2",
	"ability": "2",
	"deploy": "2",
	"uniqueness": "•"
}
