﻿{
	"name": "Captain Needa",
	"id": "captainneeda",
	"side": "DS",
	"type": "Character",
	"subtype": "Imperial",
	"card_set": "Dagobah",
	"image": "img/Dagobah-Dark/captainneeda.gif",
	"lore": "Able leader and captain of the Avenger. Was given his command by Admiral Ozzel. Treated with suspicion by Darth Vader and the Emperor, who distrust Ozzels close advisors.",
	"rarity": "R",
	"text": "Adds 2 to power of anything he pilots. When piloting Avenger, that starship is also immune to attrition < 4. You may re-target applicable Utinni Effects to Needa. If in a battle where you choose to forfeit characters, you must forfeit Needa first.",
	"icons": "Pilot  [Warrior]",
	"destiny": "1",
	"power": "3",
	"ability": "3",
	"deploy": "3",
	"forfeit": "5",
	"uniqueness": "•"
}
