﻿{
	"name": "Captain Mod Terrik",
	"id": "captainmodterrik",
	"side": "DS",
	"type": "Character",
	"subtype": "Imperial",
	"card_set": "Virtual Block 6",
	"image": "img/Virtual6-Dark/captainmodterrik.gif",
	"lore": "Leader. Captain Mod Terrik, a typical officer of the Desert Sands sandtrooper unit. Fearless and highly motivated. Willing to sacrifice as many troops as necessary.",
	"rarity": "C3",
	"text": "Other sandtroopers are deploy -1. Your ability-1 troopers may not have their forfeit reduced and (unless they have another forfeit bonus) are forfeit +2. At sites where you have two troopers, they may draw one battle destiny if not able to otherwise.",
	"icons": "[Warrior]  [A New Hope]",
	"destiny": "3",
	"power": "2",
	"ability": "2",
	"deploy": "2",
	"forfeit": "3",
	"uniqueness": "•",
	"armor": "4"
}
