﻿{
	"name": "Captain Bewil (V)",
	"id": "captainbewil-v",
	"side": "DS",
	"type": "Character",
	"subtype": "Imperial",
	"card_set": "Virtual Block 2",
	"image": "img/Virtual2-Dark/captainbewil.gif",
	"lore": "Tactical officer from Dentaal. Leader. Familiar with utilizing computer controls to lure an invading enemy into a tactically weak position.",
	"rarity": "R",
	"text": "Agenda: logistics. While at Conference Room, opponent must lose 3 Force to react away from a battle, and, if your total Influence here is > 3, during your turn you may take an Interrupt into hand from Force Pile; reshuffle.",
	"icons": "[Warrior]  [Cloud City]",
	"destiny": "3",
	"power": "2",
	"ability": "2",
	"deploy": "2",
	"forfeit": "4",
	"uniqueness": "•",
	"influence": "1"
}
