﻿{
	"name": "Carbon Chamber Testing / My Favorite Decoration",
	"id": "carbonchambertesting",
	"side": "DS",
	"type": "Objective",
	"card_set": "Special Edition",
	"image": "img/starwars/SpecialEdition-Dark/carbonchambertesting/myfavoritedecoration.gif",
	"rarity": "R",
	"destiny": "0/7",
	"objectiveText1": "Deploy Carbonite Chamber, Carbonite Chamber Console and Security Tower with a Rebel (opponent's choice) from opponent's Reserve Deck (if possible) imprisoned there. {While} this side up, once during each of your deploy phases, you may deploy from Reserve Deck one Audience Chamber, Docking Bay 94 or East Platform; reshuffle. You may not play Dark Deal. {Flip} this card if you move a frozen captive to Audience Chamber (or if no Rebel was in opponent's Reserve Deck at start of game).",
	"objectiveText2": "{While} this side up, your aliens and starships are immune to attrition < 4 and, once during each of your control phases, you may retrieve 1 Force. While you have a frozen captive at Audience Chamber, Scum And Villainy is immune to Alter and during your deploy phase, you may deploy Scum And Villainy from Reserve Deck; reshuffle. {Place} out of play if there are no frozen captives on table (unless no Rebel was in opponent's Reserve Deck at start of game).",
	"objectiveFrontName": "Carbon Chamber Testing",
	"objectiveBackName": "My Favorite Decoration"
}
