﻿{
	{
	"name": "Hoth: Mountains (6th Marker)",
	"id": "hothmountains",
	"imageUrl": "img/EmpireStrikesBackIntroductoryTwoPlayerGame-Dark/hothmountains.gif",
	"type": "Location",
	"set": "Empire Strikes Back Introductory Two Player Game"
	},
	{
	"name": "Imperial Walker",
	"id": "imperialwalker",
	"imageUrl": "img/EmpireStrikesBackIntroductoryTwoPlayerGame-Dark/imperialwalker.gif",
	"type": "Vehicle",
	"set": "Empire Strikes Back Introductory Two Player Game"
	},
	{
	"name": "Veers",
	"id": "veers",
	"imageUrl": "img/EmpireStrikesBackIntroductoryTwoPlayerGame-Dark/veers.gif",
	"type": "Character",
	"set": "Empire Strikes Back Introductory Two Player Game"
	},
	{
	"name": "Walker Garrison",
	"id": "walkergarrison",
	"imageUrl": "img/EmpireStrikesBackIntroductoryTwoPlayerGame-Dark/walkergarrison.gif",
	"type": "Interrupt",
	"set": "Empire Strikes Back Introductory Two Player Game"
	}
}
