﻿{
	{
	"name": "2X-3KPR (Tooex)",
	"id": "2x3kpr",
	"imageUrl": "img/Premiere-Light/2x3kpr.gif",
	"type": "Character",
	"set": "Premiere"
	},
	{
	"name": "A Few Maneuvers",
	"id": "afewmaneuvers",
	"imageUrl": "img/Premiere-Light/afewmaneuvers.gif",
	"type": "Interrupt",
	"set": "Premiere"
	},
	{
	"name": "A Tremor In The Force",
	"id": "atremorintheforce",
	"imageUrl": "img/Premiere-Light/atremorintheforce.gif",
	"type": "Effect",
	"set": "Premiere"
	},
	{
	"name": "Affect Mind",
	"id": "affectmind",
	"imageUrl": "img/Premiere-Light/affectmind.gif",
	"type": "Effect",
	"set": "Premiere"
	},
	{
	"name": "Alderaan",
	"id": "alderaan_(ls)",
	"imageUrl": "img/Premiere-Light/alderaan.gif",
	"type": "Location",
	"set": "Premiere"
	},
	{
	"name": "Alter",
	"id": "alter_(ls)_(premiere)",
	"imageUrl": "img/Premiere-Light/alter.gif",
	"type": "Interrupt",
	"set": "Premiere"
	},
	{
	"name": "Beggar",
	"id": "beggar",
	"imageUrl": "img/Premiere-Light/beggar.gif",
	"type": "Effect",
	"set": "Premiere"
	},
	{
	"name": "Beru Lars",
	"id": "berulars",
	"imageUrl": "img/Premiere-Light/berulars.gif",
	"type": "Character",
	"set": "Premiere"
	},
	{
	"name": "Beru Stew",
	"id": "berustew",
	"imageUrl": "img/Premiere-Light/berustew.gif",
	"type": "Interrupt",
	"set": "Premiere"
	},
	{
	"name": "Biggs Darklighter",
	"id": "biggsdarklighter",
	"imageUrl": "img/Premiere-Light/biggsdarklighter.gif",
	"type": "Character",
	"set": "Premiere"
	},
	{
	"name": "Blaster",
	"id": "blaster",
	"imageUrl": "img/Premiere-Light/blaster.gif",
	"type": "Weapon",
	"set": "Premiere"
	},
	{
	"name": "Blaster Rifle",
	"id": "blasterrifle_(ls)",
	"imageUrl": "img/Premiere-Light/blasterrifle.gif",
	"type": "Weapon",
	"set": "Premiere"
	},
	{
	"name": "BoShek",
	"id": "boshek",
	"imageUrl": "img/Premiere-Light/boshek.gif",
	"type": "Character",
	"set": "Premiere"
	},
	{
	"name": "C-3PO (See-Threepio)",
	"id": "c3po",
	"imageUrl": "img/Premiere-Light/c3po.gif",
	"type": "Character",
	"set": "Premiere"
	},
	{
	"name": "Caller",
	"id": "caller_(ls)",
	"imageUrl": "img/Premiere-Light/caller.gif",
	"type": "Device",
	"set": "Premiere"
	},
	{
	"name": "Cantina Brawl",
	"id": "cantinabrawl",
	"imageUrl": "img/Premiere-Light/cantinabrawl.gif",
	"type": "Interrupt",
	"set": "Premiere"
	},
	{
	"name": "Collision!",
	"id": "collision",
	"imageUrl": "img/Premiere-Light/collision.gif",
	"type": "Interrupt",
	"set": "Premiere"
	},
	{
	"name": "Combined Attack",
	"id": "combinedattack",
	"imageUrl": "img/Premiere-Light/combinedattack.gif",
	"type": "Interrupt",
	"set": "Premiere"
	},
	{
	"name": "Corellian Corvette",
	"id": "corelliancorvette",
	"imageUrl": "img/Premiere-Light/corelliancorvette.gif",
	"type": "Starship",
	"set": "Premiere"
	},
	{
	"name": "Crash Site Memorial",
	"id": "crashsitememorial",
	"imageUrl": "img/Premiere-Light/crashsitememorial.gif",
	"type": "Effect",
	"set": "Premiere"
	},
	{
	"name": "CZ-3 (Seezee-Three)",
	"id": "cz3",
	"imageUrl": "img/Premiere-Light/cz3.gif",
	"type": "Character",
	"set": "Premiere"
	},
	{
	"name": "Dantooine",
	"id": "dantooine_(ls)",
	"imageUrl": "img/Premiere-Light/dantooine.gif",
	"type": "Location",
	"set": "Premiere"
	},
	{
	"name": "Death Star Plans",
	"id": "deathstarplans",
	"imageUrl": "img/Premiere-Light/deathstarplans.gif",
	"type": "Effect",
	"set": "Premiere"
	},
	{
	"name": "Death Star: Detention Block Control Room",
	"id": "deathstardetentionblockcontrolroom_(ls)",
	"imageUrl": "img/Premiere-Light/deathstardetentionblockcontrolroom.gif",
	"type": "Location",
	"set": "Premiere"
	},
	{
	"name": "Death Star: Docking Bay 327",
	"id": "deathstardockingbay327_(ls)",
	"imageUrl": "img/Premiere-Light/deathstardockingbay327.gif",
	"type": "Location",
	"set": "Premiere"
	},
	{
	"name": "Death Star: Trash Compactor",
	"id": "deathstartrashcompactor",
	"imageUrl": "img/Premiere-Light/deathstartrashcompactor.gif",
	"type": "Location",
	"set": "Premiere"
	},
	{
	"name": "Demotion",
	"id": "demotion",
	"imageUrl": "img/Premiere-Light/demotion.gif",
	"type": "Effect",
	"set": "Premiere"
	},
	{
	"name": "Dice Ibegon",
	"id": "diceibegon",
	"imageUrl": "img/Premiere-Light/diceibegon.gif",
	"type": "Character",
	"set": "Premiere"
	},
	{
	"name": "Disarmed",
	"id": "disarmed_(ls)",
	"imageUrl": "img/Premiere-Light/disarmed.gif",
	"type": "Effect",
	"set": "Premiere"
	},
	{
	"name": "Don't Get Cocky",
	"id": "dontgetcocky",
	"imageUrl": "img/Premiere-Light/dontgetcocky.gif",
	"type": "Interrupt",
	"set": "Premiere"
	},
	{
	"name": "Don't Underestimate Our Chances",
	"id": "dontunderestimateourchances",
	"imageUrl": "img/Premiere-Light/dontunderestimateourchances.gif",
	"type": "Interrupt",
	"set": "Premiere"
	},
	{
	"name": "Droid Shutdown",
	"id": "droidshutdown",
	"imageUrl": "img/Premiere-Light/droidshutdown.gif",
	"type": "Interrupt",
	"set": "Premiere"
	},
	{
	"name": "Dutch",
	"id": "dutch",
	"imageUrl": "img/Premiere-Light/dutch.gif",
	"type": "Character",
	"set": "Premiere"
	},
	{
	"name": "Electrobinoculars",
	"id": "electrobinoculars",
	"imageUrl": "img/Premiere-Light/electrobinoculars.gif",
	"type": "Device",
	"set": "Premiere"
	},
	{
	"name": "Ellorrs Madak",
	"id": "ellorrsmadak",
	"imageUrl": "img/Premiere-Light/ellorrsmadak.gif",
	"type": "Effect",
	"set": "Premiere"
	},
	{
	"name": "Escape Pod",
	"id": "escapepod",
	"imageUrl": "img/Premiere-Light/escapepod.gif",
	"type": "Interrupt",
	"set": "Premiere"
	},
	{
	"name": "Eyes In The Dark",
	"id": "eyesinthedark",
	"imageUrl": "img/Premiere-Light/eyesinthedark.gif",
	"type": "Effect",
	"set": "Premiere"
	},
	{
	"name": "Figrin D'an",
	"id": "figrindan",
	"imageUrl": "img/Premiere-Light/figrindan.gif",
	"type": "Character",
	"set": "Premiere"
	},
	{
	"name": "Friendly Fire",
	"id": "friendlyfire",
	"imageUrl": "img/Premiere-Light/friendlyfire.gif",
	"type": "Interrupt",
	"set": "Premiere"
	},
	{
	"name": "Full Throttle",
	"id": "fullthrottle",
	"imageUrl": "img/Premiere-Light/fullthrottle.gif",
	"type": "Interrupt",
	"set": "Premiere"
	},
	{
	"name": "Fusion Generator Supply Tanks",
	"id": "fusiongeneratorsupplytanks_(ls)",
	"imageUrl": "img/Premiere-Light/fusiongeneratorsupplytanks.gif",
	"type": "Device",
	"set": "Premiere"
	},
	{
	"name": "General Dodonna",
	"id": "generaldodonna",
	"imageUrl": "img/Premiere-Light/generaldodonna.gif",
	"type": "Character",
	"set": "Premiere"
	},
	{
	"name": "Gift Of The Mentor",
	"id": "giftofthementor",
	"imageUrl": "img/Premiere-Light/giftofthementor.gif",
	"type": "Interrupt",
	"set": "Premiere"
	},
	{
	"name": "Gold 1",
	"id": "gold1",
	"imageUrl": "img/Premiere-Light/gold1.gif",
	"type": "Starship",
	"set": "Premiere"
	},
	{
	"name": "Gold 5",
	"id": "gold5",
	"imageUrl": "img/Premiere-Light/gold5.gif",
	"type": "Starship",
	"set": "Premiere"
	},
	{
	"name": "Han Solo",
	"id": "hansolo",
	"imageUrl": "img/Premiere-Light/hansolo.gif",
	"type": "Character",
	"set": "Premiere"
	},
	{
	"name": "Han's Back",
	"id": "hansback",
	"imageUrl": "img/Premiere-Light/hansback.gif",
	"type": "Interrupt",
	"set": "Premiere"
	},
	{
	"name": "Han's Dice",
	"id": "hansdice",
	"imageUrl": "img/Premiere-Light/hansdice.gif",
	"type": "Interrupt",
	"set": "Premiere"
	},
	{
	"name": "Han's Heavy Blaster Pistol",
	"id": "hansheavyblasterpistol",
	"imageUrl": "img/Premiere-Light/hansheavyblasterpistol.gif",
	"type": "Weapon",
	"set": "Premiere"
	},
	{
	"name": "Hear Me Baby, Hold Together",
	"id": "hearmebabyholdtogether",
	"imageUrl": "img/Premiere-Light/hearmebabyholdtogether.gif",
	"type": "Interrupt",
	"set": "Premiere"
	},
	{
	"name": "Help Me Obi-Wan Kenobi",
	"id": "helpmeobiwankenobi",
	"imageUrl": "img/Premiere-Light/helpmeobiwankenobi.gif",
	"type": "Interrupt",
	"set": "Premiere"
	},
	{
	"name": "How Did We Get Into This Mess?",
	"id": "howdidwegetintothismess",
	"imageUrl": "img/Premiere-Light/howdidwegetintothismess.gif",
	"type": "Interrupt",
	"set": "Premiere"
	},
	{
	"name": "Hydroponics Station",
	"id": "hydroponicsstation",
	"imageUrl": "img/Premiere-Light/hydroponicsstation.gif",
	"type": "Device",
	"set": "Premiere"
	},
	{
	"name": "Hyper Escape",
	"id": "hyperescape",
	"imageUrl": "img/Premiere-Light/hyperescape.gif",
	"type": "Interrupt",
	"set": "Premiere"
	},
	{
	"name": "Into The Garbage Chute, Flyboy",
	"id": "intothegarbagechuteflyboy",
	"imageUrl": "img/Premiere-Light/intothegarbagechuteflyboy.gif",
	"type": "Interrupt",
	"set": "Premiere"
	},
	{
	"name": "It Could Be Worse",
	"id": "itcouldbeworse",
	"imageUrl": "img/Premiere-Light/itcouldbeworse.gif",
	"type": "Interrupt",
	"set": "Premiere"
	},
	{
	"name": "I've Got A Bad Feeling About This",
	"id": "ivegotabadfeelingaboutthis",
	"imageUrl": "img/Premiere-Light/ivegotabadfeelingaboutthis.gif",
	"type": "Interrupt",
	"set": "Premiere"
	},
	{
	"name": "Jawa",
	"id": "jawa_(ls)_(premiere)",
	"imageUrl": "img/Premiere-Light/jawa.gif",
	"type": "Character",
	"set": "Premiere"
	},
	{
	"name": "Jawa Siesta",
	"id": "jawasiesta",
	"imageUrl": "img/Premiere-Light/jawasiesta.gif",
	"type": "Effect",
	"set": "Premiere"
	},
	{
	"name": "Jedi Lightsaber",
	"id": "jedilightsaber",
	"imageUrl": "img/Premiere-Light/jedilightsaber.gif",
	"type": "Weapon",
	"set": "Premiere"
	},
	{
	"name": "Jedi Presence",
	"id": "jedipresence",
	"imageUrl": "img/Premiere-Light/jedipresence.gif",
	"type": "Interrupt",
	"set": "Premiere"
	},
	{
	"name": "Jek Porkins",
	"id": "jekporkins",
	"imageUrl": "img/Premiere-Light/jekporkins.gif",
	"type": "Character",
	"set": "Premiere"
	},
	{
	"name": "Kabe",
	"id": "kabe",
	"imageUrl": "img/Premiere-Light/kabe.gif",
	"type": "Character",
	"set": "Premiere"
	},
	{
	"name": "Kal'Falnl C'ndros",
	"id": "kalfalnlcndros",
	"imageUrl": "img/Premiere-Light/kalfalnlcndros.gif",
	"type": "Character",
	"set": "Premiere"
	},
	{
	"name": "Kessel",
	"id": "kessel_(ls)",
	"imageUrl": "img/Premiere-Light/kessel.gif",
	"type": "Location",
	"set": "Premiere"
	},
	{
	"name": "Kessel Run",
	"id": "kesselrun",
	"imageUrl": "img/Premiere-Light/kesselrun.gif",
	"type": "Effect",
	"set": "Premiere"
	},
	{
	"name": "K'lor'slug",
	"id": "klorslug",
	"imageUrl": "img/Premiere-Light/klorslug.gif",
	"type": "Effect",
	"set": "Premiere"
	},
	{
	"name": "Krayt Dragon Howl",
	"id": "kraytdragonhowl",
	"imageUrl": "img/Premiere-Light/kraytdragonhowl.gif",
	"type": "Interrupt",
	"set": "Premiere"
	},
	{
	"name": "Leesub Sirln",
	"id": "leesubsirln",
	"imageUrl": "img/Premiere-Light/leesubsirln.gif",
	"type": "Character",
	"set": "Premiere"
	},
	{
	"name": "Leia Organa",
	"id": "leiaorgana",
	"imageUrl": "img/Premiere-Light/leiaorgana.gif",
	"type": "Character",
	"set": "Premiere"
	},
	{
	"name": "Leia's Back",
	"id": "leiasback",
	"imageUrl": "img/Premiere-Light/leiasback.gif",
	"type": "Interrupt",
	"set": "Premiere"
	},
	{
	"name": "Leia's Sporting Blaster",
	"id": "leiassportingblaster",
	"imageUrl": "img/Premiere-Light/leiassportingblaster.gif",
	"type": "Weapon",
	"set": "Premiere"
	},
	{
	"name": "Lift Tube",
	"id": "lifttube_(ls)",
	"imageUrl": "img/Premiere-Light/lifttube.gif",
	"type": "Vehicle",
	"set": "Premiere"
	},
	{
	"name": "Lightsaber Proficiency",
	"id": "lightsaberproficiency",
	"imageUrl": "img/Premiere-Light/lightsaberproficiency.gif",
	"type": "Effect",
	"set": "Premiere"
	},
	{
	"name": "LIN-V8K (Elleyein-Veeatekay)",
	"id": "linv8k",
	"imageUrl": "img/Premiere-Light/linv8k.gif",
	"type": "Character",
	"set": "Premiere"
	},
	{
	"name": "Luke Skywalker",
	"id": "lukeskywalker",
	"imageUrl": "img/Premiere-Light/lukeskywalker.gif",
	"type": "Character",
	"set": "Premiere"
	},
	{
	"name": "Luke's Back",
	"id": "lukesback",
	"imageUrl": "img/Premiere-Light/lukesback.gif",
	"type": "Interrupt",
	"set": "Premiere"
	},
	{
	"name": "Luke's X-34 Landspeeder",
	"id": "lukesx34landspeeder",
	"imageUrl": "img/Premiere-Light/lukesx34landspeeder.gif",
	"type": "Vehicle",
	"set": "Premiere"
	},
	{
	"name": "Mantellian Savrip",
	"id": "mantelliansavrip",
	"imageUrl": "img/Premiere-Light/mantelliansavrip.gif",
	"type": "Effect",
	"set": "Premiere"
	},
	{
	"name": "Millennium Falcon",
	"id": "millenniumfalcon",
	"imageUrl": "img/Premiere-Light/millenniumfalcon.gif",
	"type": "Starship",
	"set": "Premiere"
	},
	{
	"name": "Momaw Nadon",
	"id": "momawnadon",
	"imageUrl": "img/Premiere-Light/momawnadon.gif",
	"type": "Character",
	"set": "Premiere"
	},
	{
	"name": "Move Along...",
	"id": "movealong",
	"imageUrl": "img/Premiere-Light/movealong.gif",
	"type": "Interrupt",
	"set": "Premiere"
	},
	{
	"name": "Nabrun Leids",
	"id": "nabrunleids",
	"imageUrl": "img/Premiere-Light/nabrunleids.gif",
	"type": "Interrupt",
	"set": "Premiere"
	},
	{
	"name": "Narrow Escape",
	"id": "narrowescape",
	"imageUrl": "img/Premiere-Light/narrowescape.gif",
	"type": "Interrupt",
	"set": "Premiere"
	},
	{
	"name": "Nightfall",
	"id": "nightfall",
	"imageUrl": "img/Premiere-Light/nightfall.gif",
	"type": "Effect",
	"set": "Premiere"
	},
	{
	"name": "Noble Sacrifice",
	"id": "noblesacrifice",
	"imageUrl": "img/Premiere-Light/noblesacrifice.gif",
	"type": "Interrupt",
	"set": "Premiere"
	},
	{
	"name": "Obi-Wan Kenobi",
	"id": "obiwankenobi",
	"imageUrl": "img/Premiere-Light/obiwankenobi.gif",
	"type": "Character",
	"set": "Premiere"
	},
	{
	"name": "Obi-Wan's Cape",
	"id": "obiwanscape",
	"imageUrl": "img/Premiere-Light/obiwanscape.gif",
	"type": "Effect",
	"set": "Premiere"
	},
	{
	"name": "Obi-Wan's Lightsaber",
	"id": "obiwanslightsaber_(premiere)",
	"imageUrl": "img/Premiere-Light/obiwanslightsaber.gif",
	"type": "Weapon",
	"set": "Premiere"
	},
	{
	"name": "Old Ben",
	"id": "oldben",
	"imageUrl": "img/Premiere-Light/oldben.gif",
	"type": "Interrupt",
	"set": "Premiere"
	},
	{
	"name": "On The Edge",
	"id": "ontheedge",
	"imageUrl": "img/Premiere-Light/ontheedge.gif",
	"type": "Interrupt",
	"set": "Premiere"
	},
	{
	"name": "Our Most Desperate Hour",
	"id": "ourmostdesperatehour",
	"imageUrl": "img/Premiere-Light/ourmostdesperatehour.gif",
	"type": "Effect",
	"set": "Premiere"
	},
	{
	"name": "Out Of Nowhere",
	"id": "outofnowhere",
	"imageUrl": "img/Premiere-Light/outofnowhere.gif",
	"type": "Interrupt",
	"set": "Premiere"
	},
	{
	"name": "Owen Lars",
	"id": "owenlars",
	"imageUrl": "img/Premiere-Light/owenlars.gif",
	"type": "Character",
	"set": "Premiere"
	},
	{
	"name": "Panic",
	"id": "panic",
	"imageUrl": "img/Premiere-Light/panic.gif",
	"type": "Interrupt",
	"set": "Premiere"
	},
	{
	"name": "Plastoid Armor",
	"id": "plastoidarmor",
	"imageUrl": "img/Premiere-Light/plastoidarmor.gif",
	"type": "Effect",
	"set": "Premiere"
	},
	{
	"name": "Pops",
	"id": "pops",
	"imageUrl": "img/Premiere-Light/pops.gif",
	"type": "Character",
	"set": "Premiere"
	},
	{
	"name": "Proton Torpedoes",
	"id": "protontorpedoes_(premiere)",
	"imageUrl": "img/Premiere-Light/protontorpedoes.gif",
	"type": "Weapon",
	"set": "Premiere"
	},
	{
	"name": "Quad Laser Cannon",
	"id": "quadlasercannon",
	"imageUrl": "img/Premiere-Light/quadlasercannon.gif",
	"type": "Weapon",
	"set": "Premiere"
	},
	{
	"name": "R2-X2 (Artoo-Extoo)",
	"id": "r2x2",
	"imageUrl": "img/Premiere-Light/r2x2.gif",
	"type": "Character",
	"set": "Premiere"
	},
	{
	"name": "R4-E1 (Arfour-Eeone)",
	"id": "r4e1",
	"imageUrl": "img/Premiere-Light/r4e1.gif",
	"type": "Character",
	"set": "Premiere"
	},
	{
	"name": "Radar Scanner",
	"id": "radarscanner",
	"imageUrl": "img/Premiere-Light/radarscanner.gif",
	"type": "Interrupt",
	"set": "Premiere"
	},
	{
	"name": "Rebel Barrier",
	"id": "rebelbarrier",
	"imageUrl": "img/Premiere-Light/rebelbarrier.gif",
	"type": "Interrupt",
	"set": "Premiere"
	},
	{
	"name": "Rebel Guard",
	"id": "rebelguard",
	"imageUrl": "img/Premiere-Light/rebelguard.gif",
	"type": "Character",
	"set": "Premiere"
	},
	{
	"name": "Rebel Pilot",
	"id": "rebelpilot",
	"imageUrl": "img/Premiere-Light/rebelpilot.gif",
	"type": "Character",
	"set": "Premiere"
	},
	{
	"name": "Rebel Planners",
	"id": "rebelplanners",
	"imageUrl": "img/Premiere-Light/rebelplanners.gif",
	"type": "Effect",
	"set": "Premiere"
	},
	{
	"name": "Rebel Reinforcements",
	"id": "rebelreinforcements",
	"imageUrl": "img/Premiere-Light/rebelreinforcements.gif",
	"type": "Interrupt",
	"set": "Premiere"
	},
	{
	"name": "Rebel Trooper",
	"id": "rebeltrooper",
	"imageUrl": "img/Premiere-Light/rebeltrooper.gif",
	"type": "Character",
	"set": "Premiere"
	},
	{
	"name": "Red 1",
	"id": "red1",
	"imageUrl": "img/Premiere-Light/red1.gif",
	"type": "Starship",
	"set": "Premiere"
	},
	{
	"name": "Red 3",
	"id": "red3",
	"imageUrl": "img/Premiere-Light/red3.gif",
	"type": "Starship",
	"set": "Premiere"
	},
	{
	"name": "Red Leader",
	"id": "redleader",
	"imageUrl": "img/Premiere-Light/redleader.gif",
	"type": "Character",
	"set": "Premiere"
	},
	{
	"name": "Restraining Bolt",
	"id": "restrainingbolt_(ls)",
	"imageUrl": "img/Premiere-Light/restrainingbolt.gif",
	"type": "Device",
	"set": "Premiere"
	},
	{
	"name": "Restricted Deployment",
	"id": "restricteddeployment",
	"imageUrl": "img/Premiere-Light/restricteddeployment.gif",
	"type": "Effect",
	"set": "Premiere"
	},
	{
	"name": "Return Of A Jedi",
	"id": "returnofajedi",
	"imageUrl": "img/Premiere-Light/returnofajedi.gif",
	"type": "Interrupt",
	"set": "Premiere"
	},
	{
	"name": "Revolution",
	"id": "revolution",
	"imageUrl": "img/Premiere-Light/revolution.gif",
	"type": "Effect",
	"set": "Premiere"
	},
	{
	"name": "Rycar Ryjerd",
	"id": "rycarryjerd",
	"imageUrl": "img/Premiere-Light/rycarryjerd.gif",
	"type": "Effect",
	"set": "Premiere"
	},
	{
	"name": "Sai'torr Kal Fas",
	"id": "saitorrkalfas",
	"imageUrl": "img/Premiere-Light/saitorrkalfas.gif",
	"type": "Effect",
	"set": "Premiere"
	},
	{
	"name": "Sandcrawler",
	"id": "sandcrawler_(ls)",
	"imageUrl": "img/Premiere-Light/sandcrawler.gif",
	"type": "Vehicle",
	"set": "Premiere"
	},
	{
	"name": "Scomp Link Access",
	"id": "scomplinkaccess",
	"imageUrl": "img/Premiere-Light/scomplinkaccess.gif",
	"type": "Interrupt",
	"set": "Premiere"
	},
	{
	"name": "Sense",
	"id": "sense_(ls)_(premiere)",
	"imageUrl": "img/Premiere-Light/sense.gif",
	"type": "Interrupt",
	"set": "Premiere"
	},
	{
	"name": "Shistavanen Wolfman",
	"id": "shistavanenwolfman",
	"imageUrl": "img/Premiere-Light/shistavanenwolfman.gif",
	"type": "Character",
	"set": "Premiere"
	},
	{
	"name": "Skywalkers",
	"id": "skywalkers",
	"imageUrl": "img/Premiere-Light/skywalkers.gif",
	"type": "Interrupt",
	"set": "Premiere"
	},
	{
	"name": "Solo Han",
	"id": "solohan",
	"imageUrl": "img/Premiere-Light/solohan.gif",
	"type": "Interrupt",
	"set": "Premiere"
	},
	{
	"name": "SoroSuub V-35 Landspeeder",
	"id": "sorosuubv35landspeeder",
	"imageUrl": "img/Premiere-Light/sorosuubv35landspeeder.gif",
	"type": "Vehicle",
	"set": "Premiere"
	},
	{
	"name": "Spaceport Speeders",
	"id": "spaceportspeeders",
	"imageUrl": "img/Premiere-Light/spaceportspeeders.gif",
	"type": "Interrupt",
	"set": "Premiere"
	},
	{
	"name": "Special Modifications",
	"id": "specialmodifications",
	"imageUrl": "img/Premiere-Light/specialmodifications.gif",
	"type": "Effect",
	"set": "Premiere"
	},
	{
	"name": "Surprise Assault",
	"id": "surpriseassault",
	"imageUrl": "img/Premiere-Light/surpriseassault.gif",
	"type": "Interrupt",
	"set": "Premiere"
	},
	{
	"name": "Tagge Seeker",
	"id": "taggeseeker",
	"imageUrl": "img/Premiere-Light/taggeseeker.gif",
	"type": "Weapon",
	"set": "Premiere"
	},
	{
	"name": "Talz",
	"id": "talz",
	"imageUrl": "img/Premiere-Light/talz.gif",
	"type": "Character",
	"set": "Premiere"
	},
	{
	"name": "Targeting Computer",
	"id": "targetingcomputer",
	"imageUrl": "img/Premiere-Light/targetingcomputer.gif",
	"type": "Device",
	"set": "Premiere"
	},
	{
	"name": "Tarkin Seeker",
	"id": "tarkinseeker",
	"imageUrl": "img/Premiere-Light/tarkinseeker.gif",
	"type": "Weapon",
	"set": "Premiere"
	},
	{
	"name": "Tatooine",
	"id": "tatooine_(ls)_(premiere)",
	"imageUrl": "img/Premiere-Light/tatooine.gif",
	"type": "Location",
	"set": "Premiere"
	},
	{
	"name": "Tatooine Utility Belt",
	"id": "tatooineutilitybelt",
	"imageUrl": "img/Premiere-Light/tatooineutilitybelt.gif",
	"type": "Device",
	"set": "Premiere"
	},
	{
	"name": "Tatooine: Cantina",
	"id": "tatooinecantina_(ls)",
	"imageUrl": "img/Premiere-Light/tatooinecantina.gif",
	"type": "Location",
	"set": "Premiere"
	},
	{
	"name": "Tatooine: Docking Bay 94",
	"id": "tatooinedockingbay94_(ls)",
	"imageUrl": "img/Premiere-Light/tatooinedockingbay94.gif",
	"type": "Location",
	"set": "Premiere"
	},
	{
	"name": "Tatooine: Dune Sea",
	"id": "tatooinedunesea",
	"imageUrl": "img/Premiere-Light/tatooinedunesea.gif",
	"type": "Location",
	"set": "Premiere"
	},
	{
	"name": "Tatooine: Jawa Camp",
	"id": "tatooinejawacamp_(ls)",
	"imageUrl": "img/Premiere-Light/tatooinejawacamp.gif",
	"type": "Location",
	"set": "Premiere"
	},
	{
	"name": "Tatooine: Lars' Moisture Farm",
	"id": "tatooinelarsmoisturefarm_(ls)",
	"imageUrl": "img/Premiere-Light/tatooinelarsmoisturefarm.gif",
	"type": "Location",
	"set": "Premiere"
	},
	{
	"name": "Tatooine: Mos Eisley",
	"id": "tatooinemoseisley_(ls)",
	"imageUrl": "img/Premiere-Light/tatooinemoseisley.gif",
	"type": "Location",
	"set": "Premiere"
	},
	{
	"name": "Tatooine: Obi-Wan's Hut",
	"id": "tatooineobiwanshut",
	"imageUrl": "img/Premiere-Light/tatooineobiwanshut.gif",
	"type": "Location",
	"set": "Premiere"
	},
	{
	"name": "Thank The Maker",
	"id": "thankthemaker",
	"imageUrl": "img/Premiere-Light/thankthemaker.gif",
	"type": "Interrupt",
	"set": "Premiere"
	},
	{
	"name": "The Bith Shuffle",
	"id": "thebithshuffle",
	"imageUrl": "img/Premiere-Light/thebithshuffle.gif",
	"type": "Interrupt",
	"set": "Premiere"
	},
	{
	"name": "The Force Is Strong With This One",
	"id": "theforceisstrongwiththisone",
	"imageUrl": "img/Premiere-Light/theforceisstrongwiththisone.gif",
	"type": "Interrupt",
	"set": "Premiere"
	},
	{
	"name": "This Is All Your Fault",
	"id": "thisisallyourfault",
	"imageUrl": "img/Premiere-Light/thisisallyourfault.gif",
	"type": "Interrupt",
	"set": "Premiere"
	},
	{
	"name": "Timer Mine",
	"id": "timermine_(ls)",
	"imageUrl": "img/Premiere-Light/timermine.gif",
	"type": "Weapon",
	"set": "Premiere"
	},
	{
	"name": "Traffic Control",
	"id": "trafficcontrol",
	"imageUrl": "img/Premiere-Light/trafficcontrol.gif",
	"type": "Effect",
	"set": "Premiere"
	},
	{
	"name": "Tusken Breath Mask",
	"id": "tuskenbreathmask",
	"imageUrl": "img/Premiere-Light/tuskenbreathmask.gif",
	"type": "Effect",
	"set": "Premiere"
	},
	{
	"name": "Utinni!",
	"id": "utinni_(ls)",
	"imageUrl": "img/Premiere-Light/utinni.gif",
	"type": "Interrupt",
	"set": "Premiere"
	},
	{
	"name": "Vaporator",
	"id": "vaporator",
	"imageUrl": "img/Premiere-Light/vaporator.gif",
	"type": "Device",
	"set": "Premiere"
	},
	{
	"name": "Warrior's Courage",
	"id": "warriorscourage",
	"imageUrl": "img/Premiere-Light/warriorscourage.gif",
	"type": "Interrupt",
	"set": "Premiere"
	},
	{
	"name": "WED-9-M1 'Bantha' Droid",
	"id": "wed9m1banthadroid",
	"imageUrl": "img/Premiere-Light/wed9m1banthadroid.gif",
	"type": "Character",
	"set": "Premiere"
	},
	{
	"name": "We're Doomed",
	"id": "weredoomed",
	"imageUrl": "img/Premiere-Light/weredoomed.gif",
	"type": "Interrupt",
	"set": "Premiere"
	},
	{
	"name": "Wioslea",
	"id": "wioslea",
	"imageUrl": "img/Premiere-Light/wioslea.gif",
	"type": "Character",
	"set": "Premiere"
	},
	{
	"name": "X-wing",
	"id": "xwing",
	"imageUrl": "img/Premiere-Light/xwing.gif",
	"type": "Starship",
	"set": "Premiere"
	},
	{
	"name": "Yavin 4",
	"id": "yavin4_(ls)",
	"imageUrl": "img/Premiere-Light/yavin4.gif",
	"type": "Location",
	"set": "Premiere"
	},
	{
	"name": "Yavin 4: Docking Bay",
	"id": "yavin4dockingbay_(ls)",
	"imageUrl": "img/Premiere-Light/yavin4dockingbay.gif",
	"type": "Location",
	"set": "Premiere"
	},
	{
	"name": "Yavin 4: Jungle",
	"id": "yavin4jungle_(ls)",
	"imageUrl": "img/Premiere-Light/yavin4jungle.gif",
	"type": "Location",
	"set": "Premiere"
	},
	{
	"name": "Yavin 4: Massassi Throne Room",
	"id": "yavin4massassithroneroom",
	"imageUrl": "img/Premiere-Light/yavin4massassithroneroom.gif",
	"type": "Location",
	"set": "Premiere"
	},
	{
	"name": "Yavin 4: Massassi War Room",
	"id": "yavin4massassiwarroom",
	"imageUrl": "img/Premiere-Light/yavin4massassiwarroom.gif",
	"type": "Location",
	"set": "Premiere"
	},
	{
	"name": "Yavin Sentry",
	"id": "yavinsentry",
	"imageUrl": "img/Premiere-Light/yavinsentry.gif",
	"type": "Effect",
	"set": "Premiere"
	},
	{
	"name": "Yerka Mig",
	"id": "yerkamig",
	"imageUrl": "img/Premiere-Light/yerkamig.gif",
	"type": "Effect",
	"set": "Premiere"
	},
	{
	"name": "Y-wing",
	"id": "ywing",
	"imageUrl": "img/Premiere-Light/ywing.gif",
	"type": "Starship",
	"set": "Premiere"
	}
}
