﻿{
	{
	"name": "Arena Execution",
	"id": "arenaexecution",
	"imageUrl": "img/Virtual9-Dark/arenaexecution.gif",
	"type": "Mission",
	"set": "Virtual Block 9"
	},
	{
	"name": "Arena Pillars",
	"id": "arenapillars",
	"imageUrl": "img/Virtual9-Dark/arenapillars.gif",
	"type": "Effect",
	"set": "Virtual Block 9"
	},
	{
	"name": "B2 Super Battle Droid",
	"id": "b2superbattledroid",
	"imageUrl": "img/Virtual9-Dark/b2superbattledroid.gif",
	"type": "Character",
	"set": "Virtual Block 9"
	},
	{
	"name": "Begin Landing Your Troops & The Dark Path",
	"id": "beginlandingyourtroops&thedarkpath",
	"imageUrl": "img/Virtual9-Dark/beginlandingyourtroops&thedarkpath.gif",
	"type": "Effect",
	"set": "Virtual Block 9"
	},
	{
	"name": "Captain Khurgee (V)",
	"id": "captainkhurgee-v",
	"imageUrl": "img/Virtual9-Dark/captainkhurgee.gif",
	"type": "Character",
	"set": "Virtual Block 9"
	},
	{
	"name": "Count Dooku",
	"id": "countdooku",
	"imageUrl": "img/Virtual9-Dark/countdooku.gif",
	"type": "Character",
	"set": "Virtual Block 9"
	},
	{
	"name": "Defense of Muunilinst",
	"id": "defenseofmuunilinst",
	"imageUrl": "img/Virtual9-Dark/defenseofmuunilinst.gif",
	"type": "Mission",
	"set": "Virtual Block 9"
	},
	{
	"name": "Dooku's Lightsaber",
	"id": "dookuslightsaber",
	"imageUrl": "img/Virtual9-Dark/dookuslightsaber.gif",
	"type": "Weapon",
	"set": "Virtual Block 9"
	},
	{
	"name": "Dooku's Solar Sailer",
	"id": "dookussolarsailer",
	"imageUrl": "img/Virtual9-Dark/dookussolarsailer.gif",
	"type": "Starship",
	"set": "Virtual Block 9"
	},
	{
	"name": "DSD1 Dwarf Spider Droid",
	"id": "dsd1dwarfspiderdroid",
	"imageUrl": "img/Virtual9-Dark/dsd1dwarfspiderdroid.gif",
	"type": "Character",
	"set": "Virtual Block 9"
	},
	{
	"name": "Durge",
	"id": "durge",
	"imageUrl": "img/Virtual9-Dark/durge.gif",
	"type": "Character",
	"set": "Virtual Block 9"
	},
	{
	"name": "Everything Is Going As Planned",
	"id": "everythingisgoingasplanned",
	"imageUrl": "img/Virtual9-Dark/everythingisgoingasplanned.gif",
	"type": "Interrupt",
	"set": "Virtual Block 9"
	},
	{
	"name": "Fanblade Starfighter",
	"id": "fanbladestarfighter",
	"imageUrl": "img/Virtual9-Dark/fanbladestarfighter.gif",
	"type": "Starship",
	"set": "Virtual Block 9"
	},
	{
	"name": "Geonosis",
	"id": "geonosis",
	"imageUrl": "img/Virtual9-Dark/geonosis.gif",
	"type": "Location",
	"set": "Virtual Block 9"
	},
	{
	"name": "Geonosis: Docking Bay",
	"id": "geonosisdockingbay_(ds)-v",
	"imageUrl": "img/Virtual9-Dark/geonosisdockingbay.gif",
	"type": "Location",
	"set": "Virtual Block 9"
	},
	{
	"name": "Geonosis: Petranaki Arena",
	"id": "geonosispetranakiarena_(ds)-v",
	"imageUrl": "img/Virtual9-Dark/geonosispetranakiarena.gif",
	"type": "Location",
	"set": "Virtual Block 9"
	},
	{
	"name": "Geonosis: Rocky Plains",
	"id": "geonosisrockyplains_(ds)-v",
	"imageUrl": "img/Virtual9-Dark/geonosisrockyplains.gif",
	"type": "Location",
	"set": "Virtual Block 9"
	},
	{
	"name": "Geonosis: Separatist Council Room",
	"id": "geonosissepartistcouncilroom",
	"imageUrl": "img/Virtual9-Dark/geonosissepartistcouncilroom.gif",
	"type": "Location",
	"set": "Virtual Block 9"
	},
	{
	"name": "IG-227 'Hailfire' Droid Tank",
	"id": "ig227hailfiredroidtank",
	"imageUrl": "img/Virtual9-Dark/ig227hailfiredroidtank.gif",
	"type": "Vehicle",
	"set": "Virtual Block 9"
	},
	{
	"name": "Join Me! (V)",
	"id": "joinme-v",
	"imageUrl": "img/Virtual9-Dark/joinme.gif",
	"type": "Interrupt",
	"set": "Virtual Block 9"
	},
	{
	"name": "Maul's Cape",
	"id": "maulscape",
	"imageUrl": "img/Virtual9-Dark/maulscape.gif",
	"type": "Effect",
	"set": "Virtual Block 9"
	},
	{
	"name": "Muunilinst",
	"id": "muunilinst_(ds)-v",
	"imageUrl": "img/Virtual9-Dark/muunilinst.gif",
	"type": "Location",
	"set": "Virtual Block 9"
	},
	{
	"name": "Muunilinst: Banking Clan Headquarters",
	"id": "muunilinstbankingclanheadquarters",
	"imageUrl": "img/Virtual9-Dark/muunilinstbankingclanheadquarters.gif",
	"type": "Location",
	"set": "Virtual Block 9"
	},
	{
	"name": "Muunilinst: City of Harnaidan",
	"id": "muunilinstcityofharnaidan_(ds)-v",
	"imageUrl": "img/Virtual9-Dark/muunilinstcityofharnaidan.gif",
	"type": "Location",
	"set": "Virtual Block 9"
	},
	{
	"name": "Muunilinst: Docking Bay",
	"id": "muunilinstdockingbay_(ds)-v",
	"imageUrl": "img/Virtual9-Dark/muunilinstdockingbay.gif",
	"type": "Location",
	"set": "Virtual Block 9"
	},
	{
	"name": "Muunilinst: Separatist Command Center",
	"id": "muunilinstseparatistcommandcenter",
	"imageUrl": "img/Virtual9-Dark/muunilinstseparatistcommandcenter.gif",
	"type": "Location",
	"set": "Virtual Block 9"
	},
	{
	"name": "Nute Gunray (V)",
	"id": "nutegunray-v",
	"imageUrl": "img/Virtual9-Dark/nutegunray.gif",
	"type": "Character",
	"set": "Virtual Block 9"
	},
	{
	"name": "Ominous Rumors (V)",
	"id": "ominousrumors-v",
	"imageUrl": "img/Virtual9-Dark/ominousrumors.gif",
	"type": "Effect",
	"set": "Virtual Block 9"
	},
	{
	"name": "Rally To Our Cause",
	"id": "rallytoourcause",
	"imageUrl": "img/Virtual9-Dark/rallytoourcause.gif",
	"type": "Mission",
	"set": "Virtual Block 9"
	},
	{
	"name": "Sate Pestage",
	"id": "satepestage",
	"imageUrl": "img/Virtual9-Dark/satepestage.gif",
	"type": "Character",
	"set": "Virtual Block 9"
	},
	{
	"name": "Separatist Uprising / At War With Itself",
	"id": "separatistuprising",
	"imageUrl": "img/starwars/Virtual9-Dark/separatistuprising/atwarwithitself.gif",
	"type": "Objective",
	"set": "Virtual Block 9"
	},
	{
	"name": "Tatooine: Imperial Outpost",
	"id": "tatooineimperialoutpost",
	"imageUrl": "img/Virtual9-Dark/tatooineimperialoutpost.gif",
	"type": "Location",
	"set": "Virtual Block 9"
	},
	{
	"name": "War Has Begun",
	"id": "warhasbegun",
	"imageUrl": "img/Virtual9-Dark/warhasbegun.gif",
	"type": "Effect",
	"set": "Virtual Block 9"
	}
}
